species,n_pulled
Abramis brama,5000
Acipenser fulvescens,5000
Acipenser transmontanus,5000
Alburnoides bipunctatus,5000
Alburnus alburnus,5000
Alisma gramineum,5000
Alisma lanceolatum,5000
Alisma plantago-aquatica,5000
Alosa aestivalis,5000
Alosa pseudoharengus,5000
Alosa sapidissima,5000
Ambloplites rupestris,5000
Ameiurus melas,5000
Ameiurus natalis,5000
Ameiurus nebulosus,10000
Amia calva,5000
Ampullaceana balthica,5000
Anguilla anguilla,5000
Anguilla australis,5000
Anguilla rostrata,5000
Apeltes quadracus,5000
Aphredoderus sayanus,5000
Apistogramma,5000
Aplodinotus grunniens,5000
Arum italicum,5000
Asellus aquaticus,5000
Astacus astacus,5000
Astyanax mexicanus,5000
Atherina boyeri,5000
Atractosteus spatula,5000
Azolla filiculoides,5000
Baldellia ranunculoides,5000
Ballerus ballerus,5000
Barbatula barbatula,5000
Barbus barbus,5000
Bithynia tentaculata,5000
Blicca bjoerkna,5000
Cabomba caroliniana,5000
Callitriche stagnalis,5000
Campostoma anomalum,5000
Campostoma oligolepis,5000
Caquetaia kraussii,5000
Carassius auratus,5000
Carassius carassius,5000
Carassius gibelio,5000
Carpiodes carpio,5000
Carpiodes cyprinus,5000
Carychium minimum,5000
Catostomus catostomus,5000
Catostomus commersonii,5000
Ceratophyllum demersum,5000
Ceratophyllum submersum,5000
Channa argus,6936
Chelicorophium curvispinum,5000
Chelon labrosus,5000
Chelon ramada,5000
Cherax destructor,5000
Chondrostoma nasus,5000
Clarias gariepinus,9546
Clinostomus funduloides,5000
Cobitis taenia,5000
Coptodon zillii,5000
Corbicula fluminea,5000
Coregonus,5000
Coregonus albula,5000
Coregonus artedi,5000
Coregonus clupeaformis,5000
Coregonus lavaretus,5000
Coregonus maraena,5000
Cottus asper,5000
Cottus bairdii,5000
Crangonyx pseudogracilis,5000
Ctenopharyngodon idella,5000
Culaea inconstans,5000
Cyprinella lutrensis,5000
Cyprinella spiloptera,5000
Cyprinella venusta,5000
Cyprinodon variegatus,5000
Cyprinus carpio,10000
Cyprinus rubrofuscus,5000
Dicentrarchus labrax,5000
Dorosoma cepedianum,5000
Dorosoma petenense,5000
Dreissena bugensis,5000
Dreissena polymorpha,10000
Elodea densa,5000
Elodea nuttallii,5000
Enneacanthus gloriosus,5000
Erimyzon sucetta,5000
Eriocheir sinensis,5000
Esox americanus,5000
Esox lucius,5000
Esox masquinongy,5000
Esox niger,5000
Etheostoma blennioides,5000
Etheostoma caeruleum,5000
Etheostoma nigrum,5000
Etheostoma olmstedi,5000
Etheostoma zonale,5000
Euglesa casertana,5000
Euglesa henslowana,5000
Faxonius limosus,5000
Faxonius rusticus,5000
Faxonius virilis,5000
Fundulus diaphanus,5000
Fundulus heteroclitus,5000
Fundulus notatus,5000
Fundulus zebrinus,1000
Galba truncatula,1000
Gambusia affinis,10000
Gambusia holbrooki,1000
Gammarus lacustris,1000
Gammarus pulex,1000
Gammarus roeselii,1000
Gasterosteus aculeatus,1000
Geophagus brasiliensis,1000
Gobio gobio,1000
Gobio lozanoi,1000
Gymnocephalus cernua,1000
Gyraulus parvus,1000
Hemibarbus longirostris,1000
Hemiculter leucisculus,1000
Herichthys cyanoguttatus,1000
Hoplias malabaricus,1000
Hybognathus placitus,1000
Hydrilla verticillata,1000
Hydrocharis morsus-ranae,1000
Hypentelium nigricans,1000
Hypophthalmichthys molitrix,10000
Hypostomus,1000
Ictalurus furcatus,1000
Ictalurus punctatus,1000
Ictiobus bubalus,1000
Labidesthes sicculus,1000
Lagarosiphon major,1000
Lates calcarifer,1000
Lemna gibba,1000
Lemna minor,1000
Lemna minuta,1000
Lemna turionifera,1000
Lepisosteus oculatus,1000
Lepisosteus platyrhincus,1000
Lepomis auritus,1000
Lepomis cyanellus,1000
Lepomis gibbosus,1000
Lepomis gulosus,1000
Lepomis humilis,1000
Lepomis macrochirus,1000
Lepomis marginatus,1000
Lepomis megalotis,1000
Lepomis microlophus,1000
Lepomis miniatus,1000
Lepomis punctatus,1000
Leucaspius delineatus,1000
Leuciscus aspius,1000
Leuciscus idus,1000
Leuciscus leuciscus,1000
Lota lota,1000
Lucania parva,1000
Luciobarbus graellsii,1000
Luronium natans,1000
Lutjanus argentimaculatus,1000
Luxilus chrysocephalus,1000
Luxilus cornutus,1000
Lymnaea stagnalis,1000
Lysichiton americanus,1000
Maccullochella peelii,1000
Macquaria ambigua,1000
Macquaria novemaculeata,1000
Magallana gigas,1000
Marsilea drummondii,1000
Marsilea quadrifolia,1000
Mayaheros urophthalmus,1000
Melanoides tuberculata,1000
Melanotaenia splendida,1000
Menidia beryllina,1000
Micropterus dolomieu,1000
Micropterus punctulatus,1000
Micropterus salmoides,10000
Minytrema melanops,1000
Misgurnus anguillicaudatus,1000
Misgurnus fossilis,1000
Misgurnus mizolepis,1000
Morone americana,1000
Morone chrysops,1000
Morone saxatilis,1000
Moxostoma erythrurum,1000
Moxostoma macrolepidotum,1000
Mugil cephalus,1000
Mugil curema,1000
Myriophyllum aquaticum,1000
Myriophyllum spicatum,1000
Myriophyllum verticillatum,1000
Najas flexilis,1000
Najas marina,1000
Najas minor,1000
Nelumbo nucifera,1000
Neogobius fluviatilis,1000
Neogobius melanostomus,10000
Nipponocypris temminckii,1000
Nocomis biguttatus,1000
Nocomis leptocephalus,1000
Nocomis micropogon,1000
Notemigonus crysoleucas,1000
Notropis atherinoides,1000
Notropis boops,1000
Notropis buccatus,1000
Notropis dorsalis,1000
Notropis hudsonius,1000
Notropis rubellus,1000
Notropis stramineus,1000
Notropis texanus,1000
Notropis volucellus,1000
Noturus flavus,1000
Noturus gyrinus,1000
Nuphar advena,1000
Nuphar lutea,1000
Nuphar pumila,1000
Nymphaea,1000
Nymphaea alba,1000
Nymphaea candida,1000
Nymphaea marliacea,1000
Nymphaea nouchali,1000
Nymphaea odorata,1000
Nymphoides indica,1000
Nymphoides peltata,1000
Oncorhynchus clarkii,1000
"Oncorhynchus clarkii lewisi (Girard, 1856)",1000
Oncorhynchus gorbuscha,1000
Oncorhynchus keta,1000
Oncorhynchus kisutch,1000
Oncorhynchus mykiss,1000
Oncorhynchus nerka,1000
Oncorhynchus tshawytscha,1000
Oreochromis mossambicus,1000
Oreochromis niloticus,10000
Oryzias sinensis,1000
Osmerus eperlanus,1000
Osmerus mordax,1000
Pachychilon pictum,1000
Pacifastacus leniusculus,10000
Perca flavescens,1000
Perca fluviatilis,1000
Percina caprodes,1000
Percina maculata,1000
Percina nigrofasciata,1000
Percopsis omiscomaycus,1000
Peregriana labiata,1000
Petromyzon marinus,1000
Phenacobius mirabilis,1000
Phoxinus phoxinus,1000
Physa fontinalis,1000
Physella acuta,1000
Physella gyrina,1000
Pimephales notatus,1000
Pimephales promelas,1000
Pimephales vigilax,1000
Pisidium amnicum,1000
Pistia stratiotes,1000
Planorbarius corneus,1000
Planorbella,1000
Planorbella trivolvis,1000
Planorbis carinatus,1000
Platichthys flesus,1000
Poecilia latipinna,1000
Poecilia mexicana,1000
Poecilia reticulata,1000
Pomacea maculata,1000
Pomoxis annularis,1000
Pomoxis nigromaculatus,1000
Pontederia crassipes,1000
Ponticola kessleri,1000
Potamogeton berchtoldii,1000
Potamogeton crispus,1000
Potamogeton lucens,1000
Potamogeton nodosus,1000
Potamogeton perfoliatus,1000
Potamogeton polygonifolius,1000
Potamogeton praelongus,1000
Potamogeton pusillus,1000
Potamogeton trichoides,1000
Potamopyrgus antipodarum,1000
Proasellus coxalis,1000
Proasellus meridianus,1000
Procambarus acutus,1000
Procambarus clarkii,10000
Proterorhinus semilunaris,1000
Pseudogobio esocinus,1000
Pseudorasbora parva,1000
Pterygoplichthys,1000
Pungitius pungitius,1000
Pungtungia herzi,1000
Pyganodon grandis,1000
Pylodictis olivaris,1000
Radix auricularia,1000
Ranunculus aquatilis,1000
Rhamdia quelen,1000
Rhinichthys atratulus,1000
Rhinichthys cataractae,1000
Rhinichthys osculus,1000
Rhinogobius brunneus,1000
Rhithropanopeus harrisii,1000
Rhodeus amarus,1000
Rhodeus ocellatus,1000
Riccia fluitans,1000
Ricciocarpos natans,1000
Rutilus rutilus,1000
Sagittaria lancifolia,1000
Sagittaria latifolia,1000
Sagittaria platyphylla,1000
Sagittaria sagittifolia,1000
Salmo salar,1000
"Salmo salar sebago Girard, 1853",1000
Salmo trutta,1000
Salvelinus alpinus,1000
Salvelinus fontinalis,1000
Salvelinus namaycush,1000
Salvinia minima,1000
Salvinia molesta,1000
Salvinia natans,1000
Sander lucioperca,1000
Sander vitreus,1000
Scardinius erythrophthalmus,1000
Semotilus atromaculatus,1000
Semotilus corporalis,1000
Silurus glanis,1000
Sphaerium corneum,1000
Spirodela polyrhiza,1000
Squalidus gracilis,1000
Squalius cephalus,1000
Stratiotes aloides,1000
Strongylura marina,1000
Stuckenia filiformis,1000
Stuckenia pectinata,1000
Terapon jarbua,1000
Terapon theraps,1000
Thalia geniculata,1000
Theodoxus fluviatilis,1000
Thymallus thymallus,1000
Tinca tinca,1000
Trapa natans,1000
Trichopodus pectoralis,1000
Triglochin striata,1000
Umbra limi,1000
Umbra pygmaea,1000
Vallisneria spiralis,1000
Valvata piscinalis,1000
Vimba vimba,1000
Viviparus,1000
Viviparus viviparus,1000
Wolffia arrhiza,1000
Xiphophorus hellerii,1000
Zacco platypus,1000
