usageKey,species_requested,n_occurrences
5206304,Abbottina rivularis,1825
2708407,Abildgaardia ovata,2348
9809222,Abramis brama,417343
2355545,Abramites hypselonotus,295
2360162,Acanthobrama lissneri,99
7762008,Acanthobrama microlepis,20
2375974,Acanthogobius flavimanus,2572
2368334,Acantopsis dialuzona,134
2371393,Acarichthys heckelii,790
2359432,Acheilognathus cyanostigma,28
2359405,Acheilognathus macropterus,1749
2359434,Acheilognathus rhombeus,2058
4286919,Acheilognathus tabira,78
2359448,Acheilognathus typus,13
7448324,Achnanthes subhudsonis,1587
2116335,Achtheres percarum,42
4287131,Acipenser baerii,339
2402120,Acipenser fulvescens,584622
2402129,Acipenser gueldenstaedtii,424
2402193,Acipenser naccarii,186
2402154,Acipenser nudiventris,41
2402168,Acipenser ruthenus,851
2402151,Acipenser sinensis,8
2402159,Acipenser stellatus,264
2402122,Acipenser transmontanus,207356
2873769,Acorus calamus,63068
2873807,Acorus gramineus,2307
2481853,Actophilornis africanus,156877
1651891,Aedes aegypti,120560
1651430,Aedes albopictus,130704
1651847,Aedes atropalpus,532
1651684,Aedes australis,125
1652230,Aedes camptorhynchus,668
1651021,Aedes flavopictus,77
1652212,Aedes japonicus,25783
7346173,Aedes japonicus japonicus,2865
1652150,Aedes koreicus,1673
1652043,Aedes notoscriptus,4467
1651731,Aedes polynesiensis,66
1652052,Aedes taeniorhynchus,30675
1651467,Aedes togoi,432
1651799,Aedes triseriatus,21036
1652274,Aedes vexans,269534
4289012,Aeolosoma headleyi,96
3222886,Aeromonas salmonicida,211
2426552,Afrixalus fulvovittatus,751
2343984,Agamyxis pectinifrons,90
2359113,Agosia chrysogaster,2959
2498388,Aix galericulata,261236
2498387,Aix sponsa,5021579
2360305,Alburnoides bipunctatus,230661
2362925,Alburnus alburnus,468497
2362973,Alburnus chalcoides,130
2362899,Alburnus tarichi,48
2865152,Alisma gramineum,7511
2865125,Alisma lanceolatum,38491
2865100,Alisma plantago-aquatica,363995
2865181,Alisma subcordatum,2666
2325845,Alkmaria romijni,2694
2441370,Alligator mississippiensis,78249
5329885,Alocasia brisbanensis,2765
5329867,Alocasia cucullata,626
5329904,Alocasia macrorrhizos,2264
9506227,Alocasia odora,11290
5329859,Alocasia sinuata,9
2498252,Alopochen aegyptiaca,2239252
2412708,Alosa aestivalis,19616
4284114,Alosa caspia,24
2412681,Alosa chrysochloris,2120
2412637,Alosa immaculata,139
2412740,Alosa pseudoharengus,112773
2412661,Alosa sapidissima,14076
3084922,Alternanthera paronychioides,646
3084923,Alternanthera philoxeroides,39532
3084939,Alternanthera sessilis,11533
7286912,Althenia orientalis,177
2372765,Altolamprologus compressiceps,183
2426612,Alytes obstetricans,115014
7446481,Amathia verticillata,1778
4416900,Amathillina cristata,44
2370027,Amatitlania nigrofasciata,1599
2498411,Amazonetta brasiliensis,148955
2394516,Ambloplites cavifrons,222
2394513,Ambloplites constellatus,507
2394514,Ambloplites rupestris,42218
2431950,Ambystoma mexicanum,332
2431993,Ambystoma tigrinum,11479
2347699,Ameca splendens,51
2340984,Ameiurus brunneus,1733
2340972,Ameiurus catus,4823
2340977,Ameiurus melas,55163
2340969,Ameiurus natalis,36045
2340989,Ameiurus nebulosus,49561
2340966,Ameiurus platycephalus,1561
4606282,Amerianna carinata,148
5207891,Amia calva,12836
2381973,Ammocrypta bifascia,882
2381980,Ammocrypta clara,473
2374606,Amniataba percoides,2414
2370102,Amphilophus citrinellus,1098
2370147,Amphilophus labiatus,330
2730065,Amphiscirpus nevadensis,486
9991201,Ampullaceana balthica,63592
2391579,Anabas testudineus,1114
7924816,Anablepsoides hartii,259
2498112,Anas acuta,3650002
2498078,Anas aucklandica,546
2498090,Anas bahamensis,131394
2498094,Anas capensis,74412
2498097,Anas castanea,483923
2498064,Anas erythrorhyncha,143989
2498065,Anas flavirostris,233225
2498127,Anas georgica,195382
2498104,Anas gibberifrons,4475
2498095,Anas gracilis,733568
2498109,Anas laysanensis,2706
2498108,Anas luzonica,257
9761484,Anas platyrhynchos,29620015
9577769,Anas platyrhynchos domesticus,181509
9450106,Anas poecilorhyncha,368683
2498084,Anas superciliosa,1376972
2498156,Anas undulata,305211
5229411,Anastomus lamelligerus,62464
5961398,Ancistrus temminckii,320
7856519,Andinoacara latifrons,3640
7525430,Andinoacara pulcher,2673
7570042,Andinoacara rivulatus,346
2432037,Andrias davidianus,67
9510074,Anentome helena,201
5212973,Anguilla anguilla,1054418
5712356,Anguilla australis,40594
8723307,Anguilla australis australis,0
5213022,Anguilla japonica,1093
5213048,Anguilla marmorata,2648
5212956,Anguilla rostrata,61032
2482081,Anhinga melanogaster,244629
7923404,Anodontites trapesialis,481
1650361,Anopheles albimanus,3495
1650106,Anopheles pharoensis,1256
1650395,Anopheles quadrimaculatus,39711
1650441,Anopheles stephensi,1446
2498017,Anser albifrons,1651488
2498036,Anser anser,4883925
9384117,Anser anser domesticus,121427
2498024,Anser brachyrhynchus,444452
2498167,Anser caerulescens,1295884
8191839,Anser caerulescens caerulescens,1034
2498163,Anser canagicus,57685
2498034,Anser cygnoides,73126
9576332,Anser cygnoides domesticus,19232
2498026,Anser erythropus,70225
2498027,Anser fabalis,144585
2498035,Anser indicus,150387
2498161,Anser rossii,224464
2497981,Anseranas semipalmata,207070
2474937,Anthropoides paradiseus,79714
2474936,Anthropoides virgo,24780
2442665,Apalone ferox,13180
5204681,Apeltes quadracus,6697
2348092,Aphanius dispar,808
2348104,Aphanius fasciatus,1079
2348056,Aphanius mento,741
2401749,Aphredoderus sayanus,12178
2353650,Aphyocharax anisitsi,770
2353659,Aphyocharax dentatus,532
2348299,Aphyosemion australe,37
2371221,Apistogramma,7237
2371302,Apistogramma erythrura,7
2371304,Apistogramma viejita,50
2347854,Aplocheilus lineatus,406
2347811,Aplocheilus panchax,921
2400265,Aplodinotus grunniens,17803
9025372,Aplus dorbignyi,470
4326622,Apocyclops borneoensis,0
2116805,Apocyclops panamensis,34
5328601,Aponogeton abyssinicus,26
5328593,Aponogeton distachyos,2812
5328626,Aponogeton madagascariensis,111
2401878,Apteronotus albifrons,467
5212877,Arapaima gigas,470
2394479,Archoplites interruptus,375
9752617,Ardea alba,12975473
2480927,Ardea goliath,82996
2480907,Ardeola bacchus,158112
2867531,Arisarum proboscideum,280
2867495,Arisarum vulgare,28152
2235232,Artemia,2179
5180090,Artemia monica,488
2235237,Artemia salina,363
5180087,Artemia urmiana,743
5330661,Arum italicum,158546
7228304,Arum italicum italicum,10570
5330580,Arum maculatum,477819
5330604,Arum orientale,1555
5330523,Arum palaestinum,1948
4265185,Arvicola amphibius,126352
2206247,Asellus aquaticus,91172
2226998,Astacus astacus,14346
2373819,Astatoreochromis alluaudi,530
2371438,Astatotilapia burtoni,288
2371453,Astatotilapia calliptera,372
2370240,Astronotus crassipinnis,120
2370243,Astronotus ocellatus,1517
5204359,Astyanax jordani,62
5204344,Astyanax mexicanus,8171
5204255,Astyanax orthodus,95
5204315,Astyanax pampa,6
2411944,Atherina boyeri,5292
2411793,Atherinomorus lacunosus,1776
2346754,Atractosteus spatula,6585
2346751,Atractosteus tropicus,251
4309705,Atyaephyra desmarestii,1313
5863069,Atyopsis moluccensis,24
2370485,Aulonocara nyassae,13
2370511,Aulonocara stuartgranti,10
5852937,Australoheros angiru,25
2370771,Australoheros facetus,1028
2348984,Austrolebias bellottii,141
2349007,Austrolebias nigripinnis,16
9107220,Austropotamobius fulcisianus orientalis,30
2498263,Aythya americana,1577280
2498260,Aythya baeri,3400
2498264,Aythya collaris,3455111
2498255,Aythya ferina,1848069
2498262,Aythya novaeseelandiae,56873
2498259,Aythya nyroca,162874
2498256,Aythya valisineria,1008997
2650105,Azolla caroliniana,1950
4196474,Azolla cristata,878
2650107,Azolla filiculoides,39338
8276765,Azolla filiculoides subsp. cristata (Kaulf.) Fraser-Jenk.,28
11073901,Azolla mexicana,374
2650104,Azolla mexicana Schlecht. & Cham.,133
4196470,Azolla nilotica Dcne. & Mett.,53
2650106,Azolla pinnata,3915
4196472,Azolla pinnata africana,145
4196486,Azolla pinnata asiatica,524
5788062,Babka gymnotrachelus,986
5201739,Bagrus meridionalis,3499
2363816,Balantiocheilos melanopterus,29
2864546,Baldellia ranunculoides,35624
5228232,Balearica pavonina,2985
5228229,Balearica regulorum,78097
2367033,Ballerus ballerus,7985
2367024,Ballerus sapa,1111
5204862,Barbatula barbatula,714576
2363847,Barbodes binotatus,1106
9308968,Barbodes rhombeus,348
9515715,Barbodes semifasciolatus,806
2366091,Barbonymus altus,169
2366114,Barbonymus gonionotus,1358
2366101,Barbonymus schwanenfeldii,69
2307447,Barbronia weberi,97
5739539,Barbus barbus,290732
5207310,Barbus plebejus,3240
4329456,Basanistes huchonis,3
2443698,Batagur baska,21
5789403,Batagur borneoensis,22
7670473,Batrachochytrium salamandrivorans,2
5205365,Beaufortia leveretti,9
5290063,Beckmannia eruciformis,2322
5290062,Beckmannia eruciformis eruciformis,11
5290059,Beckmannia syzigachne,7417
2350149,Belonesox belizanus,1885
2375748,Benthophiloides brauneri,8
2378864,Benthophilus stellatus,103
2394004,Betta bellica,12
2393998,Betta splendens,448
2374555,Bidyanus bidyanus,4060
5784529,Biomphalaria camerunensis,14
2291021,Biomphalaria glabrata,562
8142380,Biomphalaria straminea,654
2299854,Bithynia tentaculata,56207
2364662,Biwia zezera,218
2359471,Blicca bjoerkna,207931
2865952,Blyxa aubertii,591
2865970,Blyxa echinosperma,353
2865980,Blyxa japonica,260
10782364,Boana albomarginata,1891
2321001,Boccardiella ligerica,1933
2718387,Bolboschoenus glaucus,954
2718307,Bolboschoenus maritimus,132530
2718377,Bolboschoenus planiculmis,2654
2718302,Bolboschoenus yagara,1365
2423443,Bombina bombina,24385
2423441,Bombina orientalis,9934
2423435,Bombina variegata,133049
3733807,Bonnaya antipoda,2059
3733766,Bonnaya ciliata,686
3733532,Bonnaya ruellioides,472
8187261,Borysthenia naticina,469
2234705,Bosmina coregoni,43887
5229203,Bostrychia hagedash,656443
2368023,Botia almorhae,15
2368019,Botia striata,18
4984093,Brachionus forficula,309
4984146,Brachionus plicatilis,1180
2377134,Brachygobius xanthozonus,3
1028997,Bradleystrandesia reticulata,485
2354111,Bramocharax bransfordii,76
4812260,Branchiodrilus hortensis,165
2308574,Branchiura sowerbyi,4155
5232437,Branta canadensis,23286043
5232452,Branta hutchinsii,944898
5232453,Branta hutchinsii minima,92868
5232464,Branta leucopsis,1576798
5232451,Branta ruficollis,76105
5232445,Branta sandvicensis,42647
9442679,Bratislavia dadayi,802
2353487,Brycon cephalus,46
2353507,Brycon hilarii,663
2353460,Brycon melanopterus,308
2352892,Bryconamericus exodon,457
7422937,Bubalus bubalis,18866
2480830,Bubulcus ibis,3693440
2498329,Bucephala albeola,5191587
2498325,Bucephala islandica,436034
2476041,Bucorvus leadbeateri,50352
5217160,Bufo bufo,747301
5217144,Bufo gargarizans,14165
5217143,Bufo japonicus,1160
10779794,Bufotes balearicus,137
9529916,Bufotes viridis,45775
7668385,Bugulina simplex,189
5292372,Bulbostylis barbata,6734
5292292,Bulbostylis humilis,317
2386071,Butis koilomatodon,320
2864464,Butomus junceus,104
2864467,Butomus umbellatus,137013
8327429,Bythotrephes brevimanus,7
4418515,Bythotrephes cederstroemi,45
2234644,Bythotrephes longimanus,3385
7193676,Cabdio morar,108
3986548,Cabomba aquatica,386
2882443,Cabomba caroliniana,6526
4925544,Cabomba furcata,466
3986532,Cabomba palaeformis,366
2205843,Caecidotea communis,576
8953936,Caiman crocodilus,15856
6162966,Caiman crocodilus fuscus,1299
9751099,Cairina moschata,703118
2498283,Cairina moschata (Established Feral),0
2116062,Caligus lacustris,37
5202866,Callichthys callichthys,1425
8354737,Callitriche cribrosa,30
5372493,Callitriche marginata,488
5372499,Callitriche peploides,205
5372487,Callitriche stagnalis,72516
5372477,Callitriche terrestris,548
7903930,Callitriche truncata occidentalis,442
2498384,Callonetta leucophrys,42461
2361357,Campostoma anomalum,35511
2361339,Campostoma oligolepis,8264
7944564,Capartogramma crucicula,128
2371467,Caquetaia kraussii,62840
2480989,Caracara plancus,1427045
2360345,Carasobarbus apoensis,19
2360336,Carasobarbus canis,247
4286942,Carassius auratus,76711
9209900,Carassius auratus auratus,838
11878278,Carassius auratus x Cyprinus carpio,5
2366645,Carassius carassius,38492
2366641,Carassius cuvieri,1325
2366634,Carassius gibelio,41462
4837765,Carassius langsdorfii,191
2490384,Cardinalis cardinalis,27192182
6459977,Cardiophilus marisnigrae,0
2442506,Carettochelys insculpta,1076
2723099,Carex acutiformis,279091
2725766,Carex alba,53787
2724246,Carex albula,74
2726643,Carex annectens,2956
2721897,Carex arenaria,189946
2725002,Carex bebbii,3238
2723521,Carex binervis,92951
2728048,Carex bohemica,8121
2725720,Carex boryana,708
2723640,Carex breviculmis,16130
2722447,Carex brevior,3534
2721983,Carex brizoides,80948
2728632,Carex brunnea,2423
2712244,Carex buchananii,497
2727655,Carex caryophyllea,208287
2724439,Carex colchica,4662
2722380,Carex crawfordii,2547
2723579,Carex cruciata,1684
7795128,Carex crus-corvi Shuttlew.,5
2722306,Carex curvicollis,1639
2728143,Carex davalliana,75037
2725182,Carex densa,860
2723156,Carex diandra,44966
2729063,Carex diluta,1053
2726010,Carex distans,65476
7842976,Carex distenta,3
2725082,Carex disticha,190764
2723410,Carex divisa,17136
2722914,Carex divulsa,74860
2726545,Carex extensa,26502
2724511,Carex ferruginea subsp. macrostachys (Bertol.) Arcang.,0
2727938,Carex flacca,683238
2726967,Carex flagellifera,1092
2724207,Carex gmelinii,781
2726360,Carex grayi,8787
2718069,Carex hamata,1068
2725773,Carex heterostachya,111
2724661,Carex hirta,473375
2725640,Carex hystericina,5777
2727576,Carex kobomugi,1371
2725211,Carex leavenworthii,2027
2724306,Carex leersii,21120
2723904,Carex leiorhyncha,1309
8285827,Carex leporina,325988
2722973,Carex loliacea,16086
2722531,Carex longibrachiata,6
2729850,Carex longii,2545
2722529,Carex lurida,17220
2725520,Carex lyngbyei,3583
2723271,Carex melanostachya,5736
2722515,Carex morrowii,1718
2722926,Carex muricata,26502
7227181,Carex muricata muricata,2932
2726538,Carex muskingumensis,1439
2724219,Carex nebraskensis,114
2724869,Carex norvegica,9635
7070268,Carex norvegica norvegica,3437
2724609,Carex panicea,466533
2722018,Carex pansa,277
2722051,Carex pendula,226656
2727195,Carex pilosa,23994
2726614,Carex pilulifera,334828
2724120,Carex praecox,20558
2724127,Carex pumila,3805
2725754,Carex punctata,8947
2726539,Carex scoparia,6475
7758351,Carex scoparia Schkuhr,220
2727875,Carex secalina,759
2722210,Carex spicata,122892
2726678,Carex stenophylla,3073
2723315,Carex strigosa,23350
2722602,Carex sylvatica,463508
2725001,Carex testacea,886
7847460,Carex torta Boott,866
2727891,Carex tribuloides,4216
2726483,Carex turkestanica,171
2727804,Carex unilateralis,285
2726097,Carex vacillans,2561
2728060,Carex vulpinoidea,12692
5204610,Carnegiella strigata,933
2358948,Carpiodes carpio,12515
2358950,Carpiodes cyprinus,5397
2358953,Carpiodes velifer,1642
4571331,Carychium hellenicum,0
2291066,Carychium minimum,22563
5859258,Carychium pessimum,16
2307856,Caspiobdella fadejewi,158
9588834,"Caspiobdella fadejewi (Selensky, 1915)",0
2214312,Caspiocuma campylaspoides,6
2439838,Castor canadensis,98395
4409131,Castor fiber,415067
2359038,Catostomus ardens,906
4286868,Catostomus catostomus,6929
2359014,Catostomus commersonii,64113
2359040,Catostomus fumeiventris,137
4286867,Catostomus occidentalis,1239
2359047,Catostomus platyrhynchus,1566
2359044,Catostomus plebeius,1235
2359031,Catostomus santaanae,248
2359045,Catostomus tahoensis,400
3629192,Centella eriantha,212
2394521,Centrarchus macropterus,3963
2441533,Centrochelys sulcata,334
5421770,Centronella reichelti,129
2882398,Ceratophyllum demersum,162107
7263169,Ceratophyllum platyacanthum,189
2882404,Ceratophyllum submersum,15725
2234642,Cercopagis pengoi,3976
1034447,Cercyon laminatus,3204
5232432,Cereopsis novaehollandiae,51697
4315713,Chaetogammarus ischnus,887
4417132,Chaetogammarus trichiatus,190
4315708,Chaetogammarus warpachowskyi,163
2353798,Chalceus macrolepidotus,552
4284921,Channa argus,6936
2391557,Channa asiatica,240
2391505,Channa lucius,277
2391554,Channa maculata,324
2391548,Channa marulius,775
2391455,Channa micropeltes,388
2391520,Channa panaw,24
2391463,Channa striata,4564
2406374,Chanos chanos,2498
5270720,Chara braunii,3877
5270682,Chara connivens,1974
7926430,Chara socotrensis,30
2359089,Chasmistes brevirostris,355
2353776,Cheirodon interruptus,771
6460944,Chelicorophium chelicorne,43
4314683,Chelicorophium curvispinum,9181
6460941,Chelicorophium maeoticum,37
8560591,Chelicorophium mucronatum,7
6460942,Chelicorophium nobile,43
6460946,Chelicorophium robustum,574
8439213,Chelicorophium sowinskyi,94
9268496,Chelodina longicollis,37527
9466310,Chelon auratus,2628
2400863,Chelon labrosus,16849
9234296,Chelon ramada,12128
9533689,Chelonoidis carbonarius,3510
2441927,Chelus fimbriata,169
2441905,Chelydra serpentina,90734
2498046,Chenonetta jubata,954799
4648606,Cherax albidus,0
4417558,Cherax destructor,11595
4648609,Cherax quadricarinatus,648
4648604,Cherax tenuimanus,172
2412453,Chirostoma jordani,1077
2402266,Chitala blanci,17
2402277,Chitala chitala,88
2402260,Chitala ornata,201
1029056,Chlamydotheca incisa,2
9128635,Chlidonias hybridus hybridus,0
5232422,Chloephaga melanoptera,37178
5232428,Chloephaga picta,107761
5232423,Chloephaga poliocephala,30301
5232427,Chloephaga rubidiceps,10419
2360551,Chondrostoma nasus,68323
6065820,Chroicocephalus cirrocephalus,151951
6065811,Chroicocephalus novaehollandiae,1227788
2367815,Chromobotia macracanthus,20
2365385,Chrosomus eos,4220
2365558,Chrosomus neogaeus,1769
2365388,Chrosomus oreas,1528
2443133,Chrysemys picta,138865
5208140,Cichla kelberi,309
5208154,Cichla monoculus,500
5208153,Cichla ocellaris,2400
5208159,Cichla orinocensis,324
5208145,Cichla piquiti,190
5208157,Cichla pleiozona,157
5208147,Cichla temensis,449
2371933,Cichlasoma bimaculatum,1344
2371925,Cichlasoma trimaculatum,463
2481915,Ciconia abdimii,24139
2481916,Ciconia boyciana,11919
2481912,Ciconia ciconia,1884226
2481909,Ciconia nigra,401521
9738098,Cipangopaludina chinensis,4105
2292566,Cipangopaludina japonica,805
5206441,Cirrhinus cirrhosus,33
5206449,Cirrhinus molitorella,147
5206447,Cirrhinus mrigala,299
2731327,Cladium mariscus,57863
5202683,Clarias batrachus,2064
5202707,Clarias camerunensis,1165
5202694,"Clarias fuscus Valenciennes, 1840",264
5202793,Clarias gariepinus,9546
5202728,Clarias macrocephalus,223
5202818,Clarias ngamensis,310
2361178,Clinostomus elongatus,1581
2361174,Clinostomus funduloides,6136
5214533,Clupeonella cultriventris,870
2350394,Cnesterodon decemmaculatus,994
2368222,Cobitis bilineata,649
2368172,Cobitis biwae,772
2368185,Cobitis taenia,60943
5229467,Colius striatus,418042
5330759,Colocasia affinis,35
5330776,Colocasia esculenta,19451
5950166,Colocasia esculenta var. nymphaeifolia (Kunth) A.F.Hill,0
2407611,Colomesus psittacus,576
2353152,Colossoma macropomum,1586
4417074,Compactogammarus compactus,5
7393181,Conchophthirus acuminatus,0
7612967,Conticribra weissflogii,1347
2373844,Copadichromis borleyi,44
2355707,Copella arnoldi,233
9312593,Coptodon rendalli,4981
9399453,Coptodon tholloni,294
2370703,Coptodon zillii,6127
5189032,Corbicula fluminalis,1554
8190231,Corbicula fluminea,65352
8140432,Corbicula largillierti,605
10228087,Corbicula sandai,60
2266009,Cordylophora caspia,8017
2350934,Coregonus,377942
2351027,Coregonus albula,149860
2351092,Coregonus artedi,10357
2351006,Coregonus autumnalis,1109
2351119,Coregonus clupeaformis,10532
2351066,Coregonus fera,23
2351211,Coregonus lavaretus,30738
2351174,Coregonus maraena,141497
4409518,Coregonus maraenoides,5
2350989,Coregonus migratorius,15
2351196,Coregonus muksun,64
2351064,Coregonus nasus,689
2351155,Coregonus oxyrinchus,302
2351228,Coregonus pallasii,23
2351136,Coregonus peled,53
2350997,Coregonus renke,11
2350976,Coregonus wartmanni,69
2380417,Coreoperca kawamebari,160
2342606,Corydoras aeneus,1025
2342761,Corydoras agassizii,23
2342688,Corydoras arcuatus,53
2342734,Corydoras julii,71
2342599,Corydoras leucomelas,44
2342709,Corydoras melanistius,155
2342763,Corydoras metae,116
2342720,Corydoras paleatus,488
2342738,Corydoras panda,3
2342617,Corydoras rabauti,28
2498288,Coscoroba coscoroba,100214
2334177,Cottus asper,5733
2334131,Cottus bairdii,11910
2334120,Cottus extensus,31
2334127,Cottus greenei,28
5962227,Cottus immaculatus,264
2360898,Couesius plumbeus,3104
7844959,Cradoscrupocellaria bertholletii,184
2217983,Crangonyx floridanus,245
2217982,Crangonyx pseudogracilis,77473
2344145,Cranoglanis,17
4408321,Craspedacusta sowerbii,4276
5362054,Crassula helmsii,37887
3013401,Crataegus gracilior,748
7648981,Craterostigma nummulariifolium,465
6165511,"Crenichthys baileyi grandis Williams & Wilde, 1981",11
2347713,Crenichthys nevadae,66
7910909,Cristaria plicata,192
2441341,Crocodylus niloticus,10138
2441322,Crocodylus rhombifer,68
2869244,Cryptocoryne beckettii,7
7551029,Cryptocoryne ciliata,33
2869256,Cryptocoryne crispatula subsp. balansae,7
2869198,Cryptocoryne undulata,4
2869125,Cryptocoryne walkeri,4
2869214,Cryptocoryne wendtii,20
2370311,Cryptoheros spilurus,535
1034244,Cryptopleurum subtile,1212
7563173,Cryptorchestia cavimana,622
2362030,Ctenopharyngodon idella,14020
5210823,Ctenopoma nigropannosum,225
2356556,Culaea inconstans,9081
1653695,Culex modestus,2027
1652991,Culex pipiens,257934
5885716,Culex pipiens molestus,14
1652950,Culex quinquefasciatus,64292
6157096,Cuora flavomarginata flavomarginata,35
2498380,Cyanochen cyanoptera,2655
2371966,Cyathopharynx furcifer,262
2364440,Cyclocheilichthys apogon,375
2116860,Cyclops strenuus,853
2116814,Cyclops vicinus,2651
3193108,Cyclotella atomus,6844
3193247,Cyclotella pseudostelligera,259
4275361,Cyclotella woltereckii,299
2498344,Cygnus atratus,861827
2498345,Cygnus buccinator,1059230
2498338,Cygnus columbianus,1052069
2498347,Cygnus cygnus,2164965
2498335,Cygnus melancoryphus,85356
2498343,Cygnus olor,6718844
7982403,Cylindrotheca closterium,94571
7529508,Cymbella oahuensis,9
2431860,Cynops orientalis,2209
2431862,Cynops pyrrhogaster,1367
2713662,Cyperus aggregatus,4079
9410332,Cyperus albescens,1322
2715443,Cyperus albostriatus,1330
2715045,Cyperus alopecuroides,728
2714272,Cyperus alterniflorus,468
2714156,Cyperus alternifolius,9364
2714158,Cyperus alternifolius flabelliformis,5103
2716444,Cyperus amabilis,1555
2714094,Cyperus amuricus,1676
2714009,Cyperus arenarius,49
2718810,Cyperus aromaticus,1348
2713638,Cyperus articulatus,4337
2716650,Cyperus babakan,18
2716659,Cyperus berroi,5
2710884,Cyperus blepharoleptos,7165
2718663,Cyperus bracheilema,159
2718801,Cyperus brevifolioides,2669
2718767,Cyperus brevifolius,10572
2715129,Cyperus bulbosus,965
2713479,Cyperus compressus,4179
2714656,Cyperus congestus,2618
2714301,Cyperus conglomeratus,1210
2718919,Cyperus controversus,16
2714086,Cyperus cruentus,74
2716516,Cyperus cuspidatus,1181
2715877,Cyperus cyperinus,802
2714453,Cyperus cyperoides,5339
2716778,Cyperus dactylotes,604
2715328,Cyperus denudatus,952
2714796,Cyperus difformis,11318
2714238,Cyperus digitatus,1497
2713460,Cyperus distans,3464
2714915,Cyperus dubius,1063
2716294,Cyperus echinatus,3346
2713474,Cyperus elatus,54
2715757,Cyperus entrerianus,1200
2715482,Cyperus eragrostis,63629
2718633,Cyperus erectus,1348
2713625,Cyperus eremicus,1
6417217,Cyperus erythrorhizos,3350
2716226,Cyperus esculentus,25304
8087010,Cyperus esculentus var. leptostachyus Boeckeler,2134
2716257,Cyperus esculentus var. sativus Boeckeler,2
2715206,Cyperus exaltatus,2403
2730906,Cyperus flavescens,10893
2716489,Cyperus fuscus,46557
2715006,Cyperus glaber,273
2715054,Cyperus glomeratus,1944
2713996,Cyperus gracilis,12848
2716110,Cyperus hamulosus,135
2715828,Cyperus haspan,9973
9478376,Cyperus hortensis,2692
2716407,Cyperus houghtonii,439
2731093,Cyperus hyalinus,88
9435624,Cyperus hystricoides,80
2714233,Cyperus imbricatus,1938
2715729,Cyperus iria,9431
2713559,Cyperus laevigatus,6046
9294395,Cyperus leptocarpus,2163
2715068,Cyperus ligularis,5560
9267096,Cyperus lipomexicanus,88
2713544,Cyperus longifolius,146
8243603,Cyperus longus,25369
7421129,Cyperus longus badius,2313
7070211,Cyperus longus longus,1046
2716209,Cyperus lupulinus,3412
2716210,Cyperus lupulinus macilentus,808
2730317,Cyperus macrostachyos,1540
2715148,Cyperus malaccensis,350
8644383,Cyperus melanospermus,633
2718837,Cyperus metzii,1193
2714897,Cyperus meyenianus,687
2714056,Cyperus michelianus,6907
2716375,Cyperus microbolbos,145
2715429,Cyperus microiria,4268
9452699,Cyperus mindorensis,3706
2715454,Cyperus mitis,28
2715219,Cyperus odoratus,15262
7070212,Cyperus odoratus odoratus,1097
2714752,Cyperus owanii,59
2716201,Cyperus oxylepis,339
2716311,Cyperus papyrus,4016
2716336,Cyperus papyrus madagascariensis,42
2716440,Cyperus phaeolepis,20
2715089,Cyperus pilosus,1549
2730407,Cyperus polystachyos,12473
3583787,Cyperus polystachys,1
2716134,Cyperus procerus,305
2715505,Cyperus prolifer,1130
2715383,Cyperus prolixus,684
2712034,Cyperus pseudokyllingioides,122
8219353,Cyperus pumilus,787
2714722,Cyperus reflexus,844
2718873,Cyperus richardii,529
2713519,Cyperus rigens,568
2713527,Cyperus rigens rigens,134
2714818,Cyperus rotundus,18245
2730818,Cyperus sanguinolentus,4277
2715260,Cyperus schweinitzii,1983
2715620,Cyperus serotinus,1967
2715182,Cyperus sphacelatus,2010
2714313,Cyperus squarrosus,7456
2716719,Cyperus strigosus,9675
2715295,Cyperus surinamensis,4152
2713608,Cyperus tenuiculmis,1390
2715449,Cyperus tenuispica,952
2713494,Cyperus trialatus,77
2730590,Cyperus unioloides,791
2716420,Cyperus virens,1771
2715004,Cyperus vorsteri,84
4417757,Cypretta dubiosa,0
4417761,Cypretta globula,10
1029062,Cypretta turgida,11
5207658,Cyprinella analostana,2850
5207653,Cyprinella galactura,3951
5207666,Cyprinella lutrensis,57476
5207652,Cyprinella pyrrhomelas,725
5207691,Cyprinella spiloptera,14982
5207640,Cyprinella venusta,23576
5207654,Cyprinella whipplei,4820
2363453,Cyprinion acinaces,30
2347934,Cyprinodon diabolis,95
2347876,Cyprinodon eremus,332
2347892,Cyprinodon macularius,3984
6165255,Cyprinodon macularius macularius,3393
4284433,Cyprinodon nevadensis,1144
6165251,"Cyprinodon nevadensis amargosae Miller, 1948",67
2347874,Cyprinodon radiosus,60
2347921,Cyprinodon rubrofluviatilis,1666
4284441,Cyprinodon salinus,467
4284440,Cyprinodon variegatus,20744
4286975,Cyprinus carpio,311516
8732936,Cyprinus carpio carpio,316
11712227,Cyprinus carpio nudus,4
2367196,Cyprinus rubrofuscus,5723
2372469,Cyrtocara moorii,23
2475648,Dacelo novaeguineae,1325396
1034043,Dactylosternum abdominale,704
5203120,Dallia pectoralis,452
5328689,Damasonium alisma,4568
2362695,Danio albolineatus,220
2362690,Danio kerri,27
9797255,Danio rerio,260
2234836,Daphnia ambigua,677
4418629,Daphnia atkinsoni,198
2234834,Daphnia cucullata,2407
2234817,Daphnia lumholtzi,715
2234831,Daphnia parvula,243
5210838,Datnioides microlepis,25
7741827,Dawkinsia filamentosa,188
5218022,Dendrobates auratus,6477
5218028,Dendrobates leucomelas,123
2498406,Dendrocygna arborea,16254
2498398,Dendrocygna arcuata,63139
2498393,Dendrocygna autumnalis,1145812
2498402,Dendrocygna bicolor,167283
2498405,Dendrocygna eytoni,83690
2498404,Dendrocygna javanica,281696
2498396,Dendrocygna viduata,274233
2413676,Denticeps clupeoides,46
2368988,Dermogenys pusilla,164
5200151,Desdemona ornata,140
2436117,Desmana moschata,85
2361515,Devario aequipinnatus,173
2361527,Devario malabaricus,245
8243776,Diadesmis confervacea,498
7537005,Diaphanosoma orghidani,115
2394622,Dicentrarchus labrax,40183
9491873,Dichotomyctere fluviatilis,97
9285041,Dichotomyctere nigroviridis,257
8030069,Didymosphenia geminatum,1330
4315704,Dikerogammarus bispinosus,39
4315703,Dikerogammarus haemobaphes,4143
4315705,Dikerogammarus villosus,4070
2369877,Dimidiochromis compressiceps,24
2718582,Diplacrum caricinum,344
2426617,Discoglossus pictus,7054
9288258,"Discoglossus pictus auritus Héron-Royer, 1888",27
2235022,Disparalona hamata,74
2235020,Disparalona leei,16
2413541,Dorosoma cepedianum,47599
2413553,Dorosoma petenense,19255
2287073,Dreissena bugensis,9475
2287072,Dreissena polymorpha,40925
5855855,Dreissena polymorpha polymorpha,74
4371623,Dreissena rostriformis,34
2290950,Drepanotrema cimex,221
2290952,Drepanotrema kermatoides,26
10857535,Dryophytes japonicus,14560
5292775,Dulichium arundinaceum,9252
2234983,Dunhevedia crassa,205
2422538,Duttaphrynus melanostictus,81144
4315760,Echinogammarus berilloni,1872
2480898,Egretta gularis,101693
2480897,Egretta novaehollandiae,1072099
2401958,Electrophorus electricus,585
2717570,Eleocharis acicularis,60621
2716800,Eleocharis acutangula,1552
2717771,Eleocharis atropurpurea,964
2717329,Eleocharis bonariensis,1129
2717712,Eleocharis dulcis,2949
2716838,Eleocharis engelmannii,1141
2717342,Eleocharis erythropoda,2662
2717287,Eleocharis exigua,311
2717421,Eleocharis flavescens,1784
2716850,Eleocharis geniculata,6321
2717059,Eleocharis limosa,272
2716792,Eleocharis macrostachya,3594
2717402,Eleocharis mamillata austriaca,3091
2717752,Eleocharis minuta,413
2717236,Eleocharis montana,2193
2717467,Eleocharis obtusa,6861
2716911,Eleocharis ochrostachys,337
2717256,Eleocharis pachycarpa,189
2717002,Eleocharis palustris,315362
2716989,Eleocharis parishii,1568
2716927,Eleocharis parodii,47
2716818,Eleocharis parvula,4278
2717522,Eleocharis pellucida,1758
2717493,Eleocharis quinqueflora,62265
2716932,Eleocharis retroflexa,681
2386104,Eleotris melanosoma,638
2386147,Eleotris oxycephala,193
2424128,Eleutherodactylus antillensis,2632
2424091,Eleutherodactylus coqui,6345
2424120,Eleutherodactylus johnstonei,4270
2424133,Eleutherodactylus martinicensis,1460
2424145,Eleutherodactylus pictissimus,530
2424089,Eleutherodactylus planirostris,11412
5329198,Elodea callitrichoides,237
5329263,Elodea densa,8379
5329255,Elodea najas,187
5329212,Elodea nuttallii,125643
8937497,"Emmericia patula Esu, Girotti & Pisegna Cerone, 2016",83
4284453,Empetrichthys latos,113
7193294,Empetrichthys latos latos,35
8909809,Emys orbicularis,58655
1365418,Encarsia formosa,116
2112141,Enhydrosoma lacunae,1
2394551,Enneacanthus gloriosus,5016
9577564,Enteromius anoplus,2424
9264695,Enteromius paludinosus,3655
4418659,Eocyzicus orientalis,0
2360397,Epalzeorhynchos bicolor,14
2360401,Epalzeorhynchos frenatus,37
2360408,Epalzeorhynchos kalopterus,32
2481904,Ephippiorhynchus senegalensis,49204
2362069,Eremichthys acros,26
5202895,Eremophilus mutisii,282
2110467,Ergasilus briani,3
2110481,Ergasilus gibbus,3
2110464,Ergasilus sieboldi,48
3117449,Erigeron annuus,390776
2358939,Erimyzon sucetta,6358
2690784,Eriocaulon benthamii,251
2691022,Eriocaulon cinereum,1823
2690514,Eriocaulon truncatum,287
2690404,Eriocaulon willdenovianum,319
5863366,Eriocheir hepuensis,127
2225776,Eriocheir sinensis,26580
5290103,Eriochrysis cayennensis,951
7346102,Erythranthe guttata,36224
2352207,Erythrinus erythrinus,1168
9595248,Eryx jaculus,955
2364604,Esomus metallicus,733
4284046,Esox americanus,14058
6167920,Esox americanus americanus,1083
6167921,"Esox americanus vermiculatus Lesueur, 1846",2042
6167926,Esox cisalpinus,107
2346633,Esox lucius,688297
2346634,Esox masquinongy,8051
2346629,Esox niger,16473
2346630,Esox reichertii,91
7484032,Esperiana esperi,433
2382397,Etheostoma blennioides,13826
2382341,Etheostoma caeruleum,17676
2382268,Etheostoma cragini,566
2382209,Etheostoma edwini,1686
2382377,Etheostoma exile,4791
2382339,Etheostoma fusiforme,4337
2382319,Etheostoma nigrum,29128
2382304,Etheostoma nuchale,80
2382257,Etheostoma olmstedi,10749
2382231,Etheostoma rufilineatum,3726
2382351,Etheostoma simoterum,2822
2382365,Etheostoma zonale,8741
2372831,Etroplus maculatus,237
5166383,Eudiaptomus gracilis,3676
5719901,Eudiaptomus graciloides,1686
5229205,Eudocimus albus,2334395
5229204,Eudocimus ruber,38788
7664805,Euglesa casertana,22895
9940792,Euglesa compressa,2233
7857878,Euglesa henslowana,8279
7403632,Euglesa supina,3426
6176810,Eupodotis senegalensis canicollis,52
5716488,Evadne anonyx,1591
2361984,Exoglossum laurae,434
2361987,Exoglossum maxillingua,3458
2340449,Farlowella vittata,967
2505826,Fascioloides magna,160
8930656,Faxonius immunis,2345
8721209,Faxonius juvenilis,423
8909595,Faxonius limosus,59039
8819510,Faxonius obscurus,498
8979506,Faxonius rusticus,8190
8971201,Faxonius virilis,16751
9037947,Fejervarya kawamurai,1083
2430396,Fejervarya limnocharis,68798
2430420,Fejervarya sakishimensis,208
9520065,Ferrissia californica,2854
2327735,Ficopomatus enigmaticus,2936
2327745,Ficopomatus miamiensis,76
2327740,Ficopomatus uschakovi,179
7711008,Filopaludina martensi,54
8294275,Filopaludina sumatrensis,40
2708559,Fimbristylis acuminata,585
2708461,Fimbristylis alboviridis,142
2708280,Fimbristylis autumnalis,4741
2708744,Fimbristylis bisumbellata,1083
2709108,Fimbristylis cymosa,6116
2708808,Fimbristylis dichotoma,26885
2708438,Fimbristylis dura,89
2708054,Fimbristylis fusca,249
2708717,Fimbristylis griffithii,36
2709087,Fimbristylis littoralis,5008
2708088,Fimbristylis obtusata,12
2708448,Fimbristylis polytrichoides,767
2709171,Fimbristylis quinquangularis,2997
7070158,Fimbristylis quinquangularis quinquangularis,2547
2708724,Fimbristylis schoenoides,692
2708463,Fimbristylis squarrosa,886
2708425,Fimbristylis tetragona,804
2708128,Fimbristylis tristachya,1726
2708372,Fimbristylis umbellaris,220
2401729,Forbesichthys agassizii,240
7431195,Frustulia weinholdi,95
2719118,Fuirena ciliaris,2533
2719086,Fuirena coerulescens,112
7227021,Fuirena pubescens pubescens,413
2718992,Fuirena umbellata,5112
5203654,Fundulus catenatus,4419
5203617,Fundulus chrysotus,4521
5712054,Fundulus diaphanus,9803
7193435,Fundulus diaphanus diaphanus,901
5712056,Fundulus heteroclitus,13733
5203643,Fundulus kansae,2099
5203685,Fundulus lineolatus,1460
5203690,Fundulus notatus,14257
5203693,Fundulus sciadicus,775
5203702,Fundulus seminolis,2258
5203648,Fundulus stellifer,598
5203644,Fundulus zebrinus,8840
7513308,Galba bulimoides,225
7675714,Galba cubensis,419
2291336,Galba truncatula,24751
2350580,Gambusia affinis,84190
2350614,Gambusia geiseri,1108
2350570,Gambusia holbrooki,55165
2350562,Gambusia nobilis,859
2219837,Gammarus fasciatus,897
2219867,Gammarus lacustris,5982
2219853,Gammarus pulex,27833
5864277,Gammarus roeselii,6294
4416986,Gammarus varsoviensis,18
4286327,Gasterosteus aculeatus,230742
2356544,Gasterosteus microcephalus,417
2421766,Gastrophryne carolinensis,13490
5208430,Geophagus altifrons,504
7769592,Geophagus brasiliensis,6293
5208426,Geophagus proximus,201
5208434,Geophagus surinamensis,820
4410174,Gianius aquaedulcis,61
2365855,Gibelion catla,157
2360064,Gila atraria,1299
2360123,Gila coerulea,151
2360106,Gila orcuttii,685
2360118,Gila pandora,1500
2360128,Gila robusta,2155
2360105,Gila seminuda,106
5192436,Gillia altilis,233
4285919,Giuris margaritacea,285
2427326,Glandirana rugosa,5190
7682342,Gloeonema triangulum,12
2378087,Glossogobius giuris,2135
3730174,Glossostigma cleistanthum,272
3730140,Glossostigma elatinoides,1169
2705512,Glyceria canadensis,4607
2705488,Glyceria declinata,68003
2705495,Glyceria fluitans,485315
2705491,Glyceria grandis,3893
2705484,Glyceria maxima,314689
4105864,Glyceria multiflora,89
4105780,Glyceria notata,84866
2705487,Glyceria occidentalis,253
2705503,Glyceria striata,13132
8918476,Gmelinoides fasciatus,93
2402409,Gnathonemus petersii,461
2366325,Gnathopogon caerulescens,51
2366298,Gnathopogon elongatus,1130
2366314,Gnathopogon strigatus,1230
4409628,Gobio gobio,985908
4409629,Gobio lozanoi,14045
5207765,Gobio occitaniae,4132
2375711,Gobionellus oceanicus,1214
2377293,Gobiopterus semivestitus,1006
10253150,Gomphoneis eriensis variabilis,82
2443079,Graptemys ouachitensis,2241
9228211,Graptemys pseudogeographica,5936
6157050,Graptemys pseudogeographica kohnii,2176
7190901,Graptemys pseudogeographica pseudogeographica,443
2354248,Grundulus bogotensis,234
2474945,Grus antigone,34515
2474950,Grus grus,2508279
2474944,Grus japonensis,7242
2474961,Grus leucogeranus,3954
2474942,Grus vipio,9763
5209574,Gymnocephalus cernua,331843
6063677,Gymnocoronis spilanthoides,2024
2353920,Gymnocorymbus ternetzi,351
2403936,Gymnothorax tile,90
4562197,Gyraulus chinensis,993
2290996,Gyraulus parvus,5828
2368346,Gyrinocheilus aymonieri,91
2367430,Hampala macrolepidota,526
2373727,Haplochromis erythromaculatus,70
2353385,Hasemania nana,41
2869319,Helicodiceros muscivorus,654
5189722,Helisoma anceps,3566
2307946,Helobdella punctatolineata,1
2392012,Helostoma temminckii,82
2338172,Hemibagrus nemurus,397
2366001,Hemibarbus labeo,3312
2365991,Hemibarbus longirostris,5639
2365995,Hemibarbus maculatus,98
2371368,Hemichromis bimaculatus,1024
2371378,Hemichromis elongatus,1394
2371377,Hemichromis fasciatus,2823
2371362,Hemichromis guttatus,174
2371363,Hemichromis letourneuxi,1154
2367280,Hemiculter leucisculus,7189
2367301,Hemiculter lucidus,10
2354398,Hemigrammus erythrozonus,76
2354330,Hemigrammus ocellifer,1383
2220312,Hemimysis anomala,874
2354911,Hemiodus gracilis,323
2443332,Heosemys annandalii,624
2443336,Heosemys grandis,162
2373122,Herichthys carpintis,220
2373136,Herichthys cyanoguttatus,8305
5208365,Heros efasciatus,307
5208367,Heros severus,652
2360051,Hesperoleucus symmetricus,1269
2349968,Heterandria formosa,3527
2766129,Heteranthera limosa,2283
2766167,Heteranthera peduncularis,546
2766151,Heteranthera reniformis,4094
2766169,Heteranthera rotundifolia,1111
2766146,Heteranthera zosterifolia,244
2114332,Heterocope appendiculata,6861
5202532,Heteropneustes fossilis,341
9466990,Heterotilapia buttikoferi,68
5212880,Heterotis niloticus,439
5229128,Himantopus mexicanus,1884779
2402320,Hiodon alosoides,1354
2402318,Hiodon tergisus,1301
2441247,Hippopotamus amphibius,13830
2498224,Histrionicus histrionicus,429808
4117506,Homolepis aturensis,1403
2352230,Hoplias malabaricus,33721
2430378,Hoplobatrachus occipitalis,2046
2430382,Hoplobatrachus rugulosus,6665
2342499,Hoplosternum littorale,2153
2338327,Horabagrus brachysoma,27
2351413,Hucho hucho,337
2402105,Huso huso,127
4559524,Hyalinella punctata,131
2364394,Hybognathus hankinsoni,3033
2364395,Hybognathus nuchalis,4774
2364391,Hybognathus placitus,7887
2364402,Hybognathus regius,1367
2366620,Hybopsis amblops,4357
2366623,Hybopsis amnis,1040
2366617,Hybopsis hypsinotus,748
2366628,Hybopsis winchelli,2463
5329570,Hydrilla verticillata,18525
7853488,Hydrilla verticillata F.Muell.,0
5687094,Hydrocera triflora,95
5329272,Hydrocharis dubia,924
11055820,Hydrocharis laevigata,3405
5329266,Hydrocharis morsus-ranae,127404
5329641,Hydrocharis spongia,980
5786666,Hydrochoerus hydrochaeris,25060
2864576,Hydrocleys modesta,26
2864584,Hydrocleys nymphoides,1151
3034603,Hydrocotyle americana,3343
3034611,Hydrocotyle bonariensis,12166
3034616,Hydrocotyle bowlesioides,322
3636716,Hydrocotyle microphylla,647
7480365,Hydrocotyle moschata,3206
3636471,Hydrocotyle novae-zeelandiae,2424
7648449,Hydrocotyle prolifera,49
3636028,Hydrocotyle pseudoconferta,71
3635641,Hydrocotyle ramiflora,2987
7978544,Hydrocotyle ranunculoides,33017
8418338,Hydrocotyle sibthorpioides,13820
3034614,Hydrocotyle umbellata,4364
3034602,Hydrocotyle verticillata,5273
3034606,Hydrocotyle vulgaris,246112
2356176,Hydrocynus goliath,108
2356183,Hydrocynus vittatus,1337
2641977,Hydrodictyon reticulatum,4327
10975556,Hydrolea palustris,349
3612749,Hydrolea zeylanica,464
2352289,Hydrolycus armatus,341
8020998,Hydrotriche hottoniiflora,39
5415352,Hygrophila auriculata,1610
5415353,Hygrophila corymbosa,77
5415348,Hygrophila costata,2190
7549085,Hygrophila difformis,64
5575565,Hygrophila erecta,152
5575384,Hygrophila meianthos,0
5575310,Hygrophila phlomoides,31
5415355,Hygrophila polysperma,1044
7591349,Hygrophila ringens,834
2427555,Hyla meridionalis,73944
2426893,Hylarana erythraea,3499
2429213,Hyloxalus littoralis,26
2705781,Hymenachne amplexicaulis,6094
2339299,Hypancistrus zebra,31
5199161,Hypania invalida,1968
2358934,Hypentelium etowanum,3912
2358931,Hypentelium nigricans,18250
2358930,Hypentelium roanokense,425
2354671,Hyphessobrycon anisitsi,408
2354612,Hyphessobrycon eques,1245
2354681,Hyphessobrycon erythrostigma,57
2354538,Hyphessobrycon flammeus,58
2354640,Hyphessobrycon herbertaxelrodi,46
2354646,Hyphessobrycon megalopterus,48
2354601,Hyphessobrycon pulchripinnis,89
2410890,Hypomesus nipponensis,1210
2410880,Hypomesus olidus,583
2410879,Hypomesus transpacificus,128
2362473,Hypophthalmichthys molitrix,13012
2362486,Hypophthalmichthys nobilis,3854
2339615,Hypostomus,23179
5202178,Hypostomus plecostomus,692
5202194,Hypostomus punctatus,120
5202236,Hypostomus ventromaculatus,127
2370817,Hypsophrys nicaraguensis,144
4285662,Hysterocarpus traskii,376
2421247,Ichthyomyzon unicuspis,858
7938189,Ichthyophthirius multifiliis,161
2431783,Ichthyosaura alpestris,283350
9452126,"Ichthyosaura alpestris apuana (Bonaparte, 1839)",7
5202525,Ictalurus furcatus,120021
5202521,Ictalurus pricei,344
5202520,Ictalurus punctatus,63271
2359075,Ictiobus bubalus,6464
2359081,Ictiobus cyprinellus,3859
2359079,Ictiobus niger,734
5784747,Indoplanorbis exustus,353
2362727,Iotichthys phlegethontis,50
2928525,Ipomoea aquatica,6404
2367589,Ischikauia steenackeri,110
1423286,Ischnura senegalensis,25684
4307847,Isochaetides michaelseni,607
2713316,Isolepis cernua,18624
2713142,Isolepis fluitans,43449
2713243,Isolepis hystrix,776
2713104,Isolepis marginata,4820
2713129,Isolepis prolifera,1496
2713037,Isolepis sepulcralis,450
2713300,Isolepis setacea,80733
5388617,Jacobaea erratica,7386
2348164,Jordanella floridae,1297
2701323,Juncus acuminatus,4460
2701571,Juncus acutiflorus,334086
2701632,Juncus acutus,28564
7258855,Juncus acutus acutus,7820
2702058,Juncus anthelatus,1026
6413680,Juncus arcticus var. arcticus,364
2701410,Juncus aridicola,3747
2701261,Juncus articulatus,555788
2701281,Juncus australis,3082
2701435,Juncus brachycarpus,900
6413649,Juncus bufonius,346488
2701339,Juncus bulbosus,229815
7765825,Juncus canadensis,1036
2701986,Juncus canadensis J.Gay ex Laharpe,4160
2701080,Juncus capensis,356
2701164,Juncus capillaceus,557
2701957,Juncus capitatus,17829
2701599,Juncus compressus,71548
2701418,Juncus conglomeratus,399388
2701465,Juncus cyperoides,204
2701120,Juncus dichotomus,3063
2701162,Juncus distegus,162
2701831,Juncus dudleyi,4501
2701838,Juncus edgariae,1331
2701311,Juncus effusus,1283807
2701612,Juncus ensifolius,5655
2702067,Juncus filicaulis Buchenau,2484
2702012,Juncus firmus,217
2701984,Juncus flavidus,4799
2701578,Juncus foliosus,3140
7898099,Juncus fontanesii,942
6413621,Juncus gerardi,120807
2701878,Juncus gregiflorus,1718
2701618,Juncus imbricatus,804
2701841,Juncus inflexus,392277
2701532,Juncus marginatus,4618
2701869,Juncus maritimus,37195
7548011,Juncus microcephalus,2124
2701456,Juncus oxycarpus,711
2700646,Juncus pallescens,665
2701564,Juncus pallidus,11379
2701447,Juncus planifolius,6886
2701743,Juncus prismatocarpus,4600
2701399,Juncus procerus,2712
2701304,Juncus radula,1520
2701397,Juncus rigidus,1558
2701235,Juncus sarophorus,4182
4203762,Juncus sorrentinii,44
2701727,Juncus squarrosus,170959
2701900,Juncus subnodulosus,83455
2701118,Juncus subsecundus,12212
2701970,Juncus subulatus,3076
2702084,Juncus tenuis,200406
2701550,Juncus torreyi,4805
2702004,Juncus usitatus,11493
2702056,Juncus vaginatus,945
2701649,Juncus xiphioides,1833
2421636,Kaloula pulchra,8762
1002572,Kellicottia bostoniensis,495
1002621,Keratella tropica,2332
2375688,Knipowitschia caucasica,2326
5220160,Kobus ellipsiprymnus,12784
5706360,Kobus ellipsiprymnus crawshayi,0
5220162,Kobus leche,1544
5220163,Kobus vardonii,898
2337886,Kryptopterus bicirrhis,49
5208684,Kuhlia rupestris,1627
8041233,Kyllinga Rottb.,864
5206125,Labeo bata,178
5206019,Labeo calbasu,246
5206198,Labeo chrysophekadion,169
5206083,Labeo rohita,500
5205453,Labeobarbus aeneus,883
5205497,Labeobarbus kimberleyensis,211
5205514,Labeobarbus natalensis,1099
2372167,Labeotropheus fuelleborni,173
2412271,Labidesthes sicculus,18883
2371661,Labidochromis caeruleus,16
8343100,Ladislavella catascopium,1115
2865567,Lagarosiphon madagascariensis,70
2865565,Lagarosiphon major,10656
2865550,Lagarosiphon muscoides,201
7009279,Laonome calida,87
2392025,Lateolabrax japonicus,1193
2393183,Lates angustifrons,67
2393172,Lates calcarifer,44533
2393192,Lates mariae,77
2393184,Lates niloticus,3104
5206009,Lavinia exilicauda,538
1002401,Lecane bifurca,10
2702901,Leersia hexandra,7212
2702905,Leersia oryzoides,42013
2358859,Lefua nikkonis,28
3738444,Legazpia polygonoides,364
2338858,Leiarius marmoratus,186
2867616,Lemna aequinoctialis,3808
2867569,Lemna gibba,93010
2867589,Lemna minor,433808
2867614,Lemna minuta,45362
2867627,Lemna perpusilla,849
2867631,Lemna turionifera,7430
2867612,Lemna valdiviana,803
6518512,Leostyletus misakiensis,85
1001461,Lepadella triptera,114
2361898,Lepidomeda albivallis,51
2361899,Lepidomeda copei,132
6166781,Lepidomeda mollispinis mollispinis,29
6166782,"Lepidomeda mollispinis pratensis Miller & Hubbs, 1960",5
2731062,Lepironia articulata,1547
2346692,Lepisosteus oculatus,54657
2346740,Lepisosteus platostomus,1872
2346698,Lepisosteus platyrhincus,6324
2394491,Lepomis auritus,30887
2394494,Lepomis cyanellus,70140
2394486,Lepomis gibbosus,206357
2394507,Lepomis gulosus,26453
2394483,Lepomis humilis,13482
2394503,Lepomis macrochirus,188849
2394497,Lepomis marginatus,6383
2394510,Lepomis megalotis,29195
2394501,Lepomis microlophus,25013
2394505,Lepomis miniatus,5290
2394499,Lepomis punctatus,9654
2339395,Leporacanthicus galaxias,45
2355387,Leporinus fasciatus,1224
2365645,Leptobarbus hoevenii,51
2365651,Leptobarbus rubripinna,23
5217599,Leptodactylus validus,1226
6101215,"Leptoptilos crumenifer (Linnaeus, 1758)",0
2481946,Leptoptilos crumeniferus,23385
2117035,Lernaea cyprinacea,61
2362881,Leucaspius delineatus,28214
5851603,Leuciscus aspius,19628
5205770,Leuciscus baicalensis,99
4409643,Leuciscus idus,40489
4409641,Leuciscus leuciscus,185679
2870285,Leucocasia gigantea,147
5203831,Limia vittata,204
2234801,Limnadia lenticularis,194
4411357,Limnias ceratophylli,145
4411360,Limnias melicerta,290
5863000,Limnocaridina tanganyikae,7
5328736,Limnocharis flava,1521
5328742,Limnocharis laforestii,330
2308541,Limnodrilus cervix,245
2308549,Limnodrilus maumeensis,143
2308557,Limnodrilus profundicola,1552
2308548,Limnodrilus tortilipenis,30
2116686,Limnoithona sinensis,42
2220347,Limnomysis benedeni,4265
2430481,Limnonectes ingeri,23
5415005,Limnophila aromatica,688
6033875,Limnophila chinensis,354
5415004,Limnophila indica,329
8083723,Limnophila laxa,5
5415002,Limnophila ludoviciana,41
5415001,Limnophila sessiliflora,1838
8370084,Limnophila villosa,8
2413361,Limnothrissa miodon,743
3171888,Lindernia dubia,19784
8602699,Lindernia procumbens,5694
7394580,Lindernia rotundifolia,1102
2342839,Liobagrus reinii,108
2442758,Lissemys punctata,1224
5218409,Lissotriton montandoni,2470
2427091,Lithobates catesbeianus,158841
2427183,Lithobates grylio,4106
2427159,Lithobates heckscheri,852
5777912,Lithoglyphus naticoides,1779
2427847,Litoria dentata,8281
2427705,Litoria ewingii,51111
2498408,Lophodytes cucullatus,3323477
2498294,Lophonetta specularioides,94507
1003647,Lophopodella carteri,46
2415460,Lota lota,232627
2349571,Lucania goodei,3151
2349567,Lucania parva,30378
2363097,Luciobarbus graellsii,17533
7322187,Ludwigia adscendens,2660
5421002,Ludwigia decurrens,3847
5420986,Ludwigia erecta,2964
5421039,Ludwigia grandiflora,27103
8309092,Ludwigia grandiflora var. hexapetala (Hook. & Arn.) D.B.Ward,0
5421040,Ludwigia hexapetala,16036
8924323,Ludwigia hyssopifolia,4019
5545273,Ludwigia kentiana,66
5421007,Ludwigia leptocarpa,4037
5420989,Ludwigia linearis,999
5421003,Ludwigia longifolia,2183
5420987,Ludwigia octovalvis,25129
5421025,Ludwigia palustris,24603
5420991,Ludwigia peploides,28025
5545159,Ludwigia peploides montevidensis,11014
7223856,Ludwigia peploides peploides,978
8129014,Ludwigia perennis,1869
5421024,Ludwigia peruviana,9897
5420996,Ludwigia polycarpa Short & Peter ex Torr. & A.Gray,521
5545149,Ludwigia prostrata,499
5421030,Ludwigia repens,1256
5545123,Ludwigia sedioides,337
8396402,Ludwigia sedoides,308
2864775,Luronium natans,20098
7508376,Luticola peguana,7
2385069,Lutjanus argentimaculatus,13595
2366984,Luxilus albeolus,1580
2366987,Luxilus cerasinus,1086
2366993,Luxilus chrysocephalus,20145
2366963,Luxilus coccogenis,2231
2366967,Luxilus cornutus,20216
2366959,Luxilus zonistius,510
2700828,Luzula campestris,568319
2700896,Luzula congesta,30989
2700892,Luzula elegans,277
2700706,Luzula forsteri,51931
2700839,Luzula lutea,16945
2700874,Luzula luzuloides,97472
2700768,Luzula nivea,48088
2700640,Luzula pallescens,19977
2291253,Lymnaea stagnalis,63859
2869311,Lysichiton americanus,46306
2869301,Lysichiton camtschatcensis,1561
3989886,Lythrum acutangulum,272
8253124,Lythrum album,77
3188747,Lythrum hyssopifolia,41098
3988701,Lythrum junceum,8227
3188746,Lythrum maritimum,245
3188743,Lythrum portula,80605
3188736,Lythrum salicaria,810797
3188745,Lythrum thymifolia,3383
3188749,Lythrum tribracteatum,4414
3188735,Lythrum virgatum,4649
2366055,Lythrurus ardens,1862
2366076,Lythrurus atrapiculus,453
2366064,Lythrurus fasciolaris,3472
2366058,Lythrurus matutinus,427
2380484,Maccullochella peelii,24615
5209327,Macquaria ambigua,22331
5209330,Macquaria colonorum,2234
5209329,Macquaria novemaculeata,30379
2362056,Macrhybopsis meeki,125
2224710,Macrobrachium amazonicum,517
2224763,Macrobrachium dayanum,4
2224744,Macrobrachium gracilirostre,60
2224579,Macrobrachium inflatum,3
2224668,Macrobrachium lanchesteri,56
2224515,Macrobrachium nipponense,2557
2224546,Macrobrachium rosenbergii,482
7194553,"Macrobrachium rosenbergii subsp. rosenbergii (De Man, 1879)",0
5220318,Macrochelys temminckii,1358
5204062,Macrognathus aculeatus,101
5204055,Macrognathus siamensis,340
5204054,Macrognathus zebrinus,49
5211160,Macropodus opercularis,427
7820753,Magallana gigas,36714
5232435,Malacorhynchus membranaceus,142011
2329451,Manayunkia caspica,16
2329463,Manayunkia speciosa,215
2441830,Manouria emys,203
2498155,Mareca americana,3629812
9480191,Mareca falcata,46081
8000602,Mareca penelope,2903692
9508460,Mareca sibilatrix,104211
9362027,Mareca strepera,6883483
2321007,Marenzelleria,52007
2321010,Marenzelleria neglecta,8253
2321012,Marenzelleria viridis,13006
2321009,Marenzelleria wireni,208
2360894,Margariscus margarita,1916
2292586,Marisa cornuarietis,751
2498390,Marmaronetta angustirostris,38037
2412071,Marosatherina ladigesi,2
5613335,Marsilea crenata,369
7275825,Marsilea drummondii,11033
5274865,Marsilea hirsuta,1966
5274876,Marsilea minuta,806
5613347,Marsilea mutica,1034
5274875,Marsilea quadrifolia,7177
2351784,"Mastacembelus armatus Sykes, 1839",579
2351804,Mastacembelus erythrotaenia,40
2443374,Mauremys caspica,815
2443341,Mauremys leprosa,21719
6157135,Mauremys mutica kami,91
6157134,Mauremys mutica mutica,114
2443597,Mauremys reevesii,1277
2443244,Mauremys sinensis,5476
2707865,Mayaca fluviatilis,1569
9632775,Mayaheros beani,414
9539561,Mayaheros urophthalmus,6325
2372994,Maylandia estherae,28
2372997,Maylandia lombardoi,9
2373039,Maylandia zebra,231
2361250,Meda fulgida,692
2362740,Megalobrama amblycephala,58
2362745,Megalobrama terminalis,135
2478106,Melanerpes carolinus,15440818
2498246,Melanitta perspicillata,1370657
2373186,Melanochromis auratus,89
4362965,Melanoides tuberculata,6181
2411671,Melanotaenia australis,1498
2411651,Melanotaenia boesemani,39
2411662,Melanotaenia herbertaxelrodi,2
2411677,Melanotaenia nigrans,1363
2411715,Melanotaenia praecox,2
4284264,Melanotaenia splendida,8281
5189713,Menetus dilatatus,1790
2412298,Menidia audens,1782
2412295,Menidia beryllina,20836
2927208,Mentha aquatica,621861
2475443,Merops apiaster,796545
2475445,Merops bullockoides,98977
2475396,Merops nubicus,12069
2475452,Merops philippinus,350110
2116978,Mesocyclops aspericornis,19
4327382,Mesocyclops leuckarti,4743
2116984,Mesocyclops ogunnus,89
2116960,Mesocyclops pehpeiensis,180
4327406,Mesocyclops ruttneri,4
2116979,Mesocyclops thermocyclopoides,39
9285139,Mesoheros festae,44
2353432,Metynnis argenteus,174
2353434,Metynnis hypsauchen,313
2362362,Metzia lineata,73
3723797,Microcarpaea minima,227
2391639,Microctenopoma ansorgii,193
2344132,Microglanis iheringi,394
2422105,Microhyla fissipes,27545
2422118,Microhyla okinavensis,204
5211258,Micropterus cataractae,390
5211257,Micropterus coosae,2924
5211250,Micropterus dolomieu,67131
5211240,Micropterus floridanus,2689
7193243,Micropterus henshalli,1162
5211245,Micropterus punctulatus,23347
2394563,Micropterus salmoides,162794
5211242,"Micropterus salmoides floridanus (Lesueur, 1822)",1242
5211243,Micropterus treculii,2766
7843893,Mieniplotia scabra,674
2373109,Mikrogeophagus altispinosus,22
2373104,Mikrogeophagus ramirezi,535
2358945,Minytrema melanops,7935
2367919,Misgurnus anguillicaudatus,20729
2367936,Misgurnus fossilis,8429
2367907,Misgurnus mizolepis,7034
2367911,Misgurnus mohoity,369
2367938,Misgurnus nikolskyi,7
2501248,Mnemiopsis leidyi,10668
2362734,Moapa coriacea,59
2352615,Moenkhausia sanctaefilomenae,811
2234770,Moina affinis,125
2234757,Moina macrocopa,441
7219201,Moina macrocopa macrocopa,17
2234780,Moina weismanni,24
5211117,Monodactylus argenteus,3559
5211115,Monodactylus sebae,1613
10133060,Monodontina vondembuschiana,76
5204081,Monopterus albus,1505
5204099,Monopterus cuchia,61
4410150,Monopylephorus limosus,30
4318331,Moraria sphagnicola,1
2394604,Morone americana,21146
2394598,Morone chrysops,17029
2394610,Morone mississippiensis,3003
2394612,Morone saxatilis,156113
2490307,Motacilla citreola,167346
2358964,Moxostoma anisurum,3710
2359003,Moxostoma cervinum,511
2358972,Moxostoma collapsum,828
2358988,Moxostoma congestum,2443
2358966,Moxostoma erythrurum,11642
2359011,Moxostoma lachneri,325
2359006,Moxostoma macrolepidotum,7189
2358979,Moxostoma pisolabrum,120
2358974,Moxostoma rupiscartes,1077
8189568,Mugil cephalus,137224
2400641,Mugil curema,30807
2405369,Muraenesox cinereus,733
2286719,Musculium transversum,1391
5219019,Mustela erminea,137135
5219057,Mustela eversmanii,470
5218962,Mustela itatsi,313
5219007,Mustela lutreola,2383
5218987,Mustela nivalis,83210
5218911,Mustela putorius,107777
5218913,Mustela putorius furo,1589
5218972,Mustela sibirica,7893
5218823,Mustela vison,66371
2481936,Mycteria ibis,95820
2481938,Mycteria leucocephala,234383
2354481,Myleus pacu,81
2360913,Mylocheilus caurinus,784
2362110,Mylopharyngodon piceus,413
2353404,Myloplus rubripinnis,773
4264680,Myocastor coypus,173871
5361785,Myriophyllum aquaticum,26884
5361762,Myriophyllum heterophyllum,4676
5361776,Myriophyllum pinnatum,389
5361788,Myriophyllum quitense,707
5555421,Myriophyllum robustum,206
5555409,Myriophyllum simulans,1351
5361760,Myriophyllum spicatum,189785
5361779,Myriophyllum verticillatum,33600
5201840,Mystus castaneus,26
5201907,Mystus wolffii,38
2287076,Mytilopsis leucophaeata,1845
2359106,Myxocyprinus asiaticus,21
5329463,Najas chinensis,32
5329315,Najas flexilis,5241
5329454,Najas gracillima,679
5329404,Najas graminea,1023
5329293,Najas guadalupensis,3278
5329388,Najas indica,219
5329431,Najas malesiana,59
5329324,Najas marina,48154
7600839,Najas marina intermedia,107
7228338,Najas marina marina,3841
5329434,Najas minor,10706
5329459,Najas pectinata,195
5329424,Najas wrightiana,110
3201507,Nannochloropsis oculata,15
2355651,Nannostomus unifasciatus,841
9184619,Nasturtium microphyllum,42137
7701037,Nasturtium officinale,136690
5550943,Nasturtium sterile,13957
9350124,Natrix helvetica,115785
6161327,Natrix tessellata,16747
7864333,Navicula jakovljevici,3
8206984,Navicula mitigata,42
2882449,Nelumbo nucifera,8065
2349543,Nematolebias whitei,31
11689892,Neocaridina davidi,378
2498320,Neochen jubata,533
4332188,Neodiaptomus schmackeri,16
2379105,Neogobius fluviatilis,5974
2379089,Neogobius melanostomus,79162
2371754,Neolamprologus brichardi,73
2371746,Neolamprologus leleupi,47
2362762,Neolissochilus,729
2411019,Neosalanx taihuensis,1
2498177,Netta erythrophthalma,49240
2498181,Netta peposaca,42151
2498180,Netta rufina,429193
2498313,Nettapus auritus,15360
2498310,Nettapus coromandelianus,93121
2371163,Nimbochromis livingstonii,59
2371145,Nimbochromis venustus,40
4417076,Niphargogammarus intermedius,3
4642636,Niphargoides,9
6462133,Niphargoides corpulentus,5
4417274,Niphargus hrabei,153
2480810,Nipponia nippon,1410
2360921,Nipponocypris sieboldii,439
2360929,Nipponocypris temminckii,11063
8207003,Nitella syncarpa,1793
2638307,Nitellopsis obtusa,24826
2365443,Nocomis biguttatus,7487
2365439,Nocomis leptocephalus,9281
2365441,Nocomis micropogon,6785
2365449,Nocomis raneyi,662
2363714,Notemigonus crysoleucas,38543
2348594,Nothobranchius guentheri,9
5212862,Notopterus notopterus,668
2362260,Notropis altipinnis,1082
2362227,Notropis amabilis,2831
2362198,Notropis amoenus,1110
2362337,Notropis ariommus,463
2362170,Notropis atherinoides,21473
2362288,Notropis baileyi,2451
2362252,Notropis bairdi,1680
2362130,Notropis blennius,2616
2362225,Notropis boops,5775
2362253,Notropis buccatus,6041
2362153,Notropis buccula,247
2362297,Notropis buchanani,3557
2362267,Notropis chiliticus,1031
2362339,Notropis chrosomus,546
2366615,Notropis dorsalis,5379
2362242,Notropis girardi,3996
2362134,Notropis harperi,914
2362139,Notropis heterolepis,3724
2362185,Notropis hudsonius,21419
2362255,Notropis hypsilepis,87
2362269,Notropis leuciodus,2022
2362201,Notropis longirostris,2562
2362319,Notropis lutipinnis,1676
2362271,Notropis nubilus,2742
2362335,Notropis oxyrhynchus,393
2362298,Notropis ozarcanus,191
2362129,Notropis potteri,1060
2362157,Notropis procne,2091
2362326,Notropis rubellus,7221
2362148,Notropis rubricroceus,940
2362244,Notropis shumardi,1176
2362330,Notropis spectrunculus,1073
2362216,Notropis stramineus,19556
2362332,Notropis telescopus,3156
2362312,Notropis texanus,7937
2362211,Notropis volucellus,11648
2362155,Notropis xaenocephalus,793
2341039,Noturus exilis,3272
2341033,Noturus flavus,5960
2341023,Noturus gilberti,117
2341016,Noturus gyrinus,9112
2341009,Noturus insignis,4240
2341024,Noturus miurus,2814
2341036,Noturus nocturnus,3100
2341037,Noturus stigmosus,329
2346616,Novumbra hubbsi,141
2473341,Numida meleagris,501274
6434985,Nuphar advena,10183
7326938,Nuphar japonica,632
7551339,Nuphar lutea,229560
6435002,Nuphar pumila,9070
3697714,Nuphar rubrodisca,561
2882411,Nymphaea,229594
2882437,Nymphaea alba,123245
7751392,Nymphaea alba f. rosea Mela,91
7410966,Nymphaea candida,21344
8074971,Nymphaea capensis,15
2882430,Nymphaea jamesoniana,241
2882429,Nymphaea lotus,2565
7802465,Nymphaea marliacea,7163
2882420,Nymphaea mexicana,1160
2882414,Nymphaea micrantha,381
7326947,Nymphaea nouchali,5513
2882412,Nymphaea odorata,31021
7365664,Nymphaea rubra,1420
3697259,Nymphaea x marliacea Wildsmith,7
5341508,Nymphoides aquatica,665
5592338,Nymphoides geminata,559
5592249,Nymphoides hydrophylla,691
5341503,Nymphoides indica,5693
8810827,Nymphoides peltata,46538
1884132,Nymphula manilensis,2
4315742,Obesogammarus crassus,463
4417156,Obesogammarus obesus,79
7983644,Odhneripisidium moitessierianum,3047
2412370,Odontesthes bonariensis,334
5166635,Oithona brevicornis,1461
5166638,Oithona davisae,1677
5166646,Oithona plumifera,7491
5166649,Oithona setigera,3354
1879078,Oligostigma polydectalis,1
7654632,Oliotius oligolepis,10
2431810,Ommatotriton,1530
5204029,Oncorhynchus aguabonita,1119
9289933,"Oncorhynchus aguabonita whitei (Evermann, 1906)",34
5204012,Oncorhynchus apache,739
5722956,"Oncorhynchus clarki bouvieri (Jordan & Gilbert, 1883)",23
5853893,"Oncorhynchus clarki pleuriticus (Cope, 1872)",17
5711980,Oncorhynchus clarkii,20326
8868046,Oncorhynchus clarkii behnkei,617
5711984,"Oncorhynchus clarkii henshawi (Gill & Jordan, 1878)",295
5711983,"Oncorhynchus clarkii lewisi (Girard, 1856)",5553
5711987,Oncorhynchus clarkii seleniris,36
5711988,Oncorhynchus clarkii stomias,12
5711989,Oncorhynchus clarkii utah,737
5711985,"Oncorhynchus clarkii virginalis (Girard, 1856)",50
5204032,Oncorhynchus gilae,637
5204037,Oncorhynchus gorbuscha,53726
5204014,Oncorhynchus keta,94812
5204034,Oncorhynchus kisutch,172641
5711979,Oncorhynchus masou,910
5204019,Oncorhynchus mykiss,257446
5711995,Oncorhynchus mykiss irideus,1838
5204039,Oncorhynchus nerka,183596
5204010,Oncorhynchus rhodurus,14
5204024,Oncorhynchus tshawytscha,256961
5219858,Ondatra zibethicus,1166992
2352006,Ophisternon aenigmaticum,407
2352009,Ophisternon bengalense,75
7914141,Ophryoglena hemophaga,0
2365489,Opsariichthys uncirostris,2961
2372323,Oreochromis andersonii,493
2372367,Oreochromis aureus,4707
2372316,Oreochromis esculentus,511
2372285,Oreochromis karongae,11
2372381,Oreochromis leucostictus,1456
2372347,Oreochromis macrochir,886
2372280,Oreochromis mortimeri,93
2372396,Oreochromis mossambicus,12221
4285694,Oreochromis niloticus,94246
4285686,Oreochromis spilurus,176
4285689,Oreochromis urolepis,342
6169228,"Oreochromis urolepis hornorum (Trewavas, 1966)",30
7193197,Oreochromis urolepis urolepis,2
9686469,Orientogalba ollula,622
9548515,Orientogalba viridis,84
2443466,Orlitia borneensis,33
5330733,Orontium aquaticum,4200
5205970,Orthodon microlepidotus,225
2703457,Oryza barthii,3295
2703464,Oryza glaberrima,8382
2703456,Oryza latifolia,1923
2703462,Oryza longistaminata,2643
2703461,Oryza punctata,461
2703463,Oryza rufipogon,9386
2703459,Oryza sativa,150404
2368377,Oryzias latipes,3641
2368375,Oryzias sinensis,5733
2410854,Osmerus eperlanus,167308
4283983,Osmerus mordax,55803
2394154,Osphronemus goramy,235
2364327,Osteochilus vittatus,619
5212838,Osteoglossum bicirrhosum,356
2428083,Osteopilus septentrionalis,26937
2372521,Otopharynx lithobates,7
5329515,Ottelia alismoides,1187
5329501,Ottelia ovalifolia,2081
5329480,Ottelia ulvifolia,595
2343905,Oxydoras niger,329
2386241,Oxyeleotris marmorata,491
5232468,Oxyura ferruginea,51308
2498305,Oxyura jamaicensis,3010714
2498302,Oxyura leucocephala,56622
5232470,Oxyura maccoa,19969
5232469,Oxyura vittata,43579
2360041,Pachychilon pictum,6262
6180498,Pachycordyle michaeli,27
2347797,Pachypanchax playfairii,61
4434183,Pachysternum capense,74
2226990,Pacifastacus leniusculus,112767
2225324,Palaemon styliferus,20
2441396,Paleosuchus palpebrosus,1142
2339870,Panaque nigrolineatus,216
2340710,Pangasianodon gigas,23
2340714,Pangasianodon hypophthalmus,484
5202437,Pangasius,802
5202457,Pangasius bocourti,95
5202443,Pangasius pangasius,196
2367984,Pangio kuhlii,23
2402307,Pantodon buchholzi,375
2362839,Parabramis pekinensis,155
2343266,Paracanthopoma parva,76
2353911,Paracheirodon axelrodi,283
2353909,Paracheirodon innesi,65
5208207,Parachromis dovii,433
5208202,Parachromis managuensis,1484
5208200,Parachromis motaguensis,181
2110459,Paraergasilus longidigitus,27
5421896,Paralia sulcata,76982
2387235,Parambassis ranga,318
2387246,Parambassis siamensis,2449
10701161,Paramesotriton labiatus,351
2368319,Paramisgurnus dabryanus,509
2220136,Paramysis ullskyi,24
2308113,Paranais frici,985
4416888,Paraniphargoides motasi,9
7948402,Paraplexa cornea,0
1884441,Parapoynx bilinealis,48
1884461,Parapoynx crisonalis,606
1884437,Parapoynx fluctuosalis,528
2343320,Paravandellia oxyptera,225
2343316,Paravandellia phaneronema,36
2340258,Parotocinclus maculicauda,658
1003567,Pectinatella magnifica,5693
5229156,Pelecanus conspicillatus,680491
2480353,Pelecanus crispus,53987
2480350,Pelecanus onocrotalus,135315
2480352,Pelecanus rufescens,40228
2367038,Pelecus cultratus,1533
9552432,Pelmatolapia mariae,2395
2430567,Pelobates fuscus,24005
5220435,Pelodiscus sinensis,1682
10545407,Pelomedusa subrufa,1477
2426640,Pelophylax bedriagae,852
2426650,Pelophylax kurtmuelleri,755
2426654,Pelophylax lessonae,94752
9258044,Pelophylax lessonae lessonae,950
2426634,Pelophylax nigromaculatus,14729
2426658,Pelophylax perezi,66407
2426636,Pelophylax porosus,328
2426661,Pelophylax ridibundus,92533
9321745,"Pelophylax ridibundus kurtmuelleri (Gayda, 1940)",605
2426684,Pelophylax saharicus,2437
2442292,Pelusios subniger,180
2372929,Pelvicachromis pulcher,88
2223429,Penaeus japonicus,778
2234729,Penilia avirostris,11882
2397704,Peprilus simillimus,1712
2382004,Perca flavescens,86370
8140485,Perca fluviatilis,1041866
2390064,Perccottus glenii,2594
2382103,Percina caprodes,15073
2382043,Percina macrolepida,1737
2382061,Percina maculata,7809
2382032,Percina nigrofasciata,11729
2382090,Percina notogramma,192
2382039,Percina peltata,885
2382097,Percina roanoka,1261
2382101,Percina shumardi,1503
2382046,Percina tanasi,119
2401709,Percopsis omiscomaycus,19722
10075852,Peregriana labiata,10827
7981847,Peridiniopsis polonica,13
3206619,Peridinium gatunense,41
9716265,Perigona nigriceps,1406
2338694,Perrunichthys perruno,8
5208130,Petenia splendida,1445
7572096,Pethia conchonius,323
7554524,Pethia gelius,85
7417764,Pethia nigrofasciata,68
2362496,Petroleuciscus borysthenicus,646
8236498,Petromyzon marinus,14475
9743996,Phaethon aethereus,54383
2481875,Phalacrocorax auritus,10547198
2481890,Phalacrocorax carbo,6742733
4408474,Phalacrocorax carbo sinensis,30585
5289753,Phalaris angusta,813
5289746,Phalaris aquatica,41536
5289756,Phalaris arundinacea,781265
10739289,Phalaris arundinacea picta,18
5289745,Phalaris brachystachys,2936
5289744,Phalaris canariensis,26002
5289760,Phalaris caroliniana,2208
5289751,Phalaris coerulescens,4075
5289761,Phalaris lemmonii,464
5289752,Phalaris minor,8529
5289758,Phalaris paradoxa,8848
8420312,Phalaris platensis Henrard ex Heukels,7
8352325,Phalaris truncata,120
5678561,Phalaris truncata Guss.,11
2350105,Phalloceros caudimaculatus,1951
2363799,Phenacobius mirabilis,8561
2356255,Phenacogrammus interruptus,356
2481110,Phoenicopterus chilensis,93802
4352332,Phoenicopterus roseus,552467
5205698,Phoxinus jouyi,740
4409653,Phoxinus phoxinus,1062339
2338793,Phractocephalus hemioliopterus,247
5290149,Phragmites australis,1132628
7226752,Phragmites australis australis,42987
5290154,Phragmites karka,2351
5828105,Phragmites mauritianus,813
2430172,Phrynobatrachus latifrons,312
5218020,Phyllobates terribilis,344
7568032,Physa fontinalis,25840
5189806,Physella acuta,40734
5189789,Physella gyrina,6148
9685279,Physella pomilia,471
10157181,Physella venustula,23
3277404,Phytophthora alni,130
3203674,Phytophthora cactorum,275
3203622,Phytophthora cambivora,27
3203618,Phytophthora gonapodyides,166
3277417,Phytophthora plurivora,30
3277433,Phytophthora quercina,17
2353225,Piaractus brachypomus,965
2353219,Piaractus mesopotamicus,2883
2235037,Picripleuroxus denticulatus,318
7585698,Pilsbryoconcha exilis,95
2338912,Pimelodus pictus,176
2367736,Pimephales notatus,37334
2367742,Pimephales promelas,42079
2367757,Pimephales tenellus,702
2367733,Pimephales vigilax,22656
8058554,Pinguicula crystallina,428
5667801,Pinguicula crystallina hirtiflora,386
7866911,Pinguicula grandiflora rosea,455
2423968,Pipa parva,99
2286691,Pisidium amnicum,7301
2870583,Pistia stratiotes,23341
2399821,Plagioscion squamosissimus,1735
2366711,Plagopterus argentissimus,89
9377860,Planiliza haematocheila,1602
9558403,Planiliza subviridis,1017
2290946,Planorbarius corneus,35062
5189729,Planorbella,11971
5189745,Planorbella duryi,1016
5189748,Planorbella trivolvis,5635
5778419,Planorbis carinatus,16989
2480800,Platalea alba,138689
10064392,Platessa uniseriata,3
2409330,Platichthys flesus,134709
2343881,Platydoras costatus,416
2362460,Platygobio gracilis,4663
4283980,Plecoglossus altivelis,2475
2343296,Plectrochilus diabolicus,7
2343294,Plectrochilus machadoi,15
2343298,Plectrochilus wieneri,6
5232465,Plectropterus gambensis,202844
2480773,Plegadis falcinellus,1473019
2480772,Plegadis ridgwayi,41516
2639345,Pleodorina indica,0
6454095,Pleopis schmackeri,30
2431875,Pleurodeles waltl,9462
2494022,Ploceus benghalensis,16831
2494058,Ploceus cucullatus,234040
2494029,Ploceus galbula,11092
2494014,Ploceus intermedius,57851
2494066,Ploceus jacksoni,10629
2494036,Ploceus manyar,24357
2494070,Ploceus melanocephalus,43480
2494056,Ploceus philippinus,210656
2494071,Ploceus rubiginosus,16932
2494012,Ploceus subaureus,34461
2494015,Ploceus velatus,498991
2494057,Ploceus vitellinus,14761
1003588,Plumatella casmiana,27
1003626,Plumatella vaihiriae,2
2480762,Pluvianus aegyptius,4018
2442795,Podocnemis expansa,5405
2442789,Podocnemis lewyana,1159
2442782,Podocnemis unifilis,4414
5203783,Poecilia formosa,1453
5203804,Poecilia kykesis,192
5203752,Poecilia latipinna,12575
5203780,Poecilia latipunctata,161
8400492,Poecilia mexicana,6338
2350050,Poecilia reticulata,10682
5203748,Poecilia sphenops,4026
5203757,Poecilia velifera,563
8341124,Poecilia vivipara,1581
2350503,Poeciliopsis gracilis,4890
2350470,Poeciliopsis occidentalis,584
9481837,Poeciliopsis occidentalis occidentalis,132
2359766,Pogonichthys macrolepidotus,220
2402612,Pollimyrus castelnaui,409
5212833,Polyodon spathula,717
2423785,Polypedates leucomystax,11449
2346575,Polypterus delhezi,95
4287129,Polypterus senegalus,502
5232431,Polysticta stelleri,38483
2292581,Pomacea bridgesii,57
2292582,Pomacea canaliculata,3805
8110535,Pomacea diffusa,167
7638948,Pomacea glauca,255
2292579,Pomacea haustrum,23
7532642,Pomacea maculata,7161
2292584,Pomacea paludosa,1976
7906588,Pomacea zeteki,21
2394534,Pomoxis annularis,27180
2394526,Pomoxis nigromaculatus,74079
8946295,Pontastacus leptodactylus,2778
7494501,Pontederia azurea,1842
2766030,Pontederia cordata,44907
2765942,Pontederia crassipes,44484
11040407,Pontederia diversifolia,516
2765991,Pontederia hastata,381
11070196,Pontederia korsakowii,598
2765966,Pontederia paniculata,474
8238520,Pontederia vaginalis,3730
5788058,Ponticola gorlap,144
4285968,Ponticola kessleri,6770
5788060,Ponticola syrman,156
4315139,Pontogammarus,1298
5864238,Pontogammarus abbreviatus,13
4417072,Pontogammarus aestuarius,5
4417071,Pontogammarus borceae,26
7392352,Pontogammarus maeoticus,266
4315140,Pontogammarus robustoides,923
11101635,Pontogammarus sarsi,20
10937174,Pontogammarus weidemanni,6
4408502,Porphyrio alleni,6686
2474416,Porphyrio porphyrio,793174
2288926,Potamocorbula amurensis,732
5642345,Potamogeton acutifolius Roem. & Schult.,311
6389089,Potamogeton berchtoldii,59260
5301162,Potamogeton crispus,113015
5301163,Potamogeton diversifolius,2045
7629840,Potamogeton fluitans,748
5301141,Potamogeton lucens,47088
5301233,Potamogeton nodosus,31211
5301200,Potamogeton perfoliatus,144541
5301226,Potamogeton polygonifolius,111676
5301213,Potamogeton praelongus,13133
8351789,Potamogeton pusillus,68313
5642195,Potamogeton schweinfurthii,561
5642073,Potamogeton trichoides,23034
4417542,Potamon ibericum,364
5192470,Potamopyrgus antipodarum,185548
2308606,Potamothrix bavaricus,2577
2308604,Potamothrix bedoti,300
2308608,Potamothrix hammoniensis,11632
4307880,Potamothrix heuscheri,604
2308609,Potamothrix moldaviensis,2012
2308605,Potamothrix vejdovskyi,424
2419333,Potamotrygon motoro,1073
2353616,Pristella maxillaris,596
5194057,Pristina acuminata,253
2354222,Pristobrycon striolatus,346
2205951,Proasellus coxalis,6803
2206086,Proasellus meridianus,9521
2227289,Procambarus acutus,6962
7194602,Procambarus acutus subsp. acutus,702
2227203,Procambarus alleni,271
2227300,Procambarus clarkii,82933
2227139,Procambarus cubensis,28
2227309,Procambarus fallax,541
8879526,"Procambarus fallax f. virginalis Martin, Dorn, Kawai, van der Heiden & Scholtz, 2010",23
9442269,Procambarus virginalis,494
2227231,Procambarus zonangulus,107
2352177,Prochilodus argenteus,79
2352160,Prochilodus nigricans,977
7770832,Propappus volki,972
2351534,Prosopium cylindraceum,2848
2351525,Prosopium gemmifer,55
2351530,Prosopium williamsoni,3815
2381358,Protemblemaria punctata,9
2379235,Proterorhinus marmoratus,1610
2379245,Proterorhinus semilunaris,17771
2432042,Proteus anguinus,393
4287144,Protopterus aethiopicus,1074
4410056,Psammoryctides moravicus,314
2428132,Pseudacris regilla,83562
1422818,Pseudagrion microcephalum,5046
8898408,Pseudemys concinna,16970
2442843,Pseudemys nelsoni,6780
2442828,Pseudemys peninsularis,4868
2442816,Pseudemys texana,6344
2360367,Pseudochondrostoma polylepis,1658
2214306,Pseudocuma cercarioides,12
2214308,Pseudocuma graciloides,20
2214301,Pseudocuma laeve,1
2214302,Pseudocuma tenuicauda,1
2114770,Pseudodiaptomus forbesi,79
2114764,Pseudodiaptomus inopinus,91
4331816,Pseudodiaptomus trihamatus,5
2366349,Pseudogobio esocinus,11453
2338673,Pseudoplatystoma fasciatum,409
7879329,Pseudoplatystoma punctifer,172
2320983,Pseudopolydora kempi,903
2320993,Pseudopolydora paucibranchiata,16917
2362868,Pseudorasbora parva,100606
2362866,Pseudorasbora pumila,11
2291334,Pseudosuccinea columella,2419
2373065,Pseudotropheus ater,3
7782809,Pseudotropheus cyaneorhabdos,9
2373191,Pseudotropheus johannii,28
2373077,Pseudotropheus socolofi,10
2343967,Pterodoras granulosus,636
2498054,Pteronetta hartlaubii,1587
5208518,Pterophyllum scalare,388
2339954,Pterygoplichthys,8994
2339979,Pterygoplichthys anisitsi,124
2340003,Pterygoplichthys disjunctivus,419
2339957,Pterygoplichthys gibbiceps,186
2339955,Pterygoplichthys joselimaianus,35
2339962,Pterygoplichthys multiradiatus,504
2339971,Pterygoplichthys pardalis,1449
5205694,Ptychocheilus grandis,989
5205691,Ptychocheilus umpquae,209
10758525,Pulchrana glandulosa,613
5204696,Pungitius platygaster,491
5739510,Pungitius pungitius,128539
2367018,Pungtungia herzi,14198
8015152,Puntigrus partipentazona,214
8214163,Puntigrus tetrazona,82
2363862,Puntius sealei,73
2364223,Puntius titteya,84
2364244,Puntius vittatus,84
2287951,Pyganodon grandis,18679
2352463,Pygocentrus cariba,711
2352479,Pygocentrus nattereri,1527
2354698,Pygopristis denticulata,287
2341077,Pylodictis olivaris,14446
4361884,Pyrgophorus coronatus,223
2355670,Pyrrhulina laeta,129
4410088,Quistadrilus multisetosus,1804
10433559,Racesina luteola,87
5189888,Radix auricularia,17204
7384449,Radix rubiginosa,132
9647688,Radjah radjah,50452
2426816,Rana japonica,1856
2426805,Rana temporaria,781222
10595763,Ranoidea aurea,42225
10870167,Ranoidea raniformis,25279
3033464,Ranunculus aquatilis,55499
2359536,Rasbora borapetensis,456
2359627,Rasbora trilineata,195
2361166,Rastrineobola argentea,73
7622469,Reimeria uniseriata,2501
2365826,Relictus solitarius,60
2889173,Reynoutria japonica,532103
2343735,Rhamdia quelen,6575
5216933,Rhinella marina,99664
2359823,Rhinichthys atratulus,18797
2359811,Rhinichthys cataractae,18235
2359791,Rhinichthys osculus,20067
4287014,"Rhinichthys osculus klamathensis (Evermann & Meek, 1898)",42
4287011,Rhinichthys osculus robustus,124
2443655,Rhinoclemmys punctularia,313
2377583,Rhinogobius brunneus,13515
2377624,Rhinogobius giurinus,2045
11174973,Rhinogobius kurodai,218
2377618,Rhinogobius lindbergi,6
2377652,Rhinogobius similis,2144
2227663,Rhithropanopeus harrisii,6610
2360842,Rhodeus amarus,164376
4286934,Rhodeus ocellatus,5325
2360803,Rhodeus sericeus,3302
2360841,Rhodeus sinensis,215
2721618,Rhynchospora colorata,8330
2721495,Rhynchospora corymbosa,4256
2720706,Rhynchospora holoschoenoides,3036
2720977,Rhynchospora kunthii,162
2720668,Rhynchospora rubra,1336
2721536,Rhynchospora rugosa,2728
8244689,Riccia fluitans,17320
2688638,Ricciocarpos natans,9997
2362399,Richardsonius balteatus,3817
6166844,"Richardsonius balteatus hydrophlox (Cope, 1872)",180
2362394,Richardsonius egregius,618
2308186,Ripistes parasita,1332
2369703,Rocio octofasciata,1133
2360795,Romanogobio belingi,885
3053201,Rorippa amphibia,145307
3693336,Rorippa anceps,5659
3053406,Rorippa austriaca,12887
3053242,Rorippa barbareifolia,640
3053294,Rorippa cantoniensis,637
3053264,Rorippa curvisiliqua,2933
3053336,Rorippa dubia,1172
3053159,Rorippa globosa,498
3053472,Rorippa indica,5436
3053144,Rorippa islandica,8034
3053358,Rorippa lippizensis,143
7572471,Rorippa nasturtium-aquaticum,868
3053168,Rorippa palustris,179789
3053197,Rorippa palustris hispida,645
3053399,Rorippa pyrenaica,8527
3053306,Rorippa sarmentosa,77
3053376,Rorippa sylvestris,106885
3053127,Rorippa teres,729
2359678,Rutilus frisii,142
2359706,Rutilus rutilus,1434910
5329149,Sagittaria brevirostra,848
5329038,Sagittaria graminea,3687
5329039,Sagittaria graminea weatherbiana,97
5329055,Sagittaria guayanensis,1183
5328895,Sagittaria lancifolia,9484
5328909,Sagittaria latifolia,23492
5329111,Sagittaria montevidensis,2936
5329007,Sagittaria platyphylla,6643
5329027,Sagittaria rigida,1932
5328882,Sagittaria sagittifolia,108486
5329014,Sagittaria subulata,272
5328972,Sagittaria trifolia,3417
2431776,Salamandra salamandra,242247
7193469,Salmo abanticus,8
9543162,Salmo dentex,35
2351641,Salmo ischchan,16
2351566,Salmo labrax,118
2351552,Salmo letnica,321
2351621,Salmo macrostigma,208
7595433,Salmo salar,1359419
6169634,"Salmo salar sebago Girard, 1853",8825
8215487,Salmo trutta,3794739
9107781,Salmo trutta trutta,1797
4284021,Salvelinus alpinus,460982
9451360,"Salvelinus alpinus oquassa (Girard, 1854)",91
2351244,Salvelinus confluentus,1253
2351271,Salvelinus fontinalis,79816
4352820,Salvelinus lepechini,0
4284019,Salvelinus leucomaenis,378
4284020,Salvelinus malma,2881
2351327,Salvelinus namaycush,27416
2351259,Salvelinus umbla,1073
5274861,Salvinia auriculata,1832
5274864,Salvinia biloba,223
5579449,Salvinia cucullata,141
5579453,Salvinia hastata,74
5274860,Salvinia minima,10828
5274863,Salvinia molesta,7885
5274858,Salvinia natans,9874
5579458,Salvinia nymphellula,264
2382152,Sander canadensis,2751
2382155,Sander lucioperca,180573
2382172,Sander vitreus,63260
9733865,Sander volgensis,255
6166646,Sarcocheilichthys variegatus microoculus,39
2498001,Sarkidiornis melanotos,95495
8171391,Sarmarutilus rubilio,1121
4285715,Sarotherodon galilaeus,909
4285710,Sarotherodon melanotheron,2602
2372886,Sarotherodon occidentalis,36
5208447,Satanoperca jurupari,1619
2362635,Scardinius erythrophthalmus,256787
2394736,Scatophagus argus,2287
2341731,Schilbe intermedius,2448
2341732,Schilbe mystus,1130
7961815,Schoenoplectiella bucharica,9
2710716,Schoenoplectiella juncoides,2229
5827389,Schoenoplectiella mucronata,5413
2710841,Schoenoplectiella perrieri,7
2710820,Schoenoplectiella roylei,68
2710765,Schoenoplectiella supina,2042
2711108,Schoenoplectus californicus,3630
2710941,Schoenoplectus lacustris,142292
2711288,Schoenoplectus litoralis,2146
2711157,Schoenoplectus tabernaemontani,86672
2711033,Schoenoplectus triqueter,8739
2709975,Schoenus calostachyus Poir.,555
5712378,Sciades parkeri,261
2372908,Sciaenochromis fryeri,19
5217952,Scinax ruber,8302
5217876,Scinax x-signatus,1696
2718201,Scirpoides holoschoenus,46353
2720120,Scirpus atrovirens,5174
7403308,Scirpus californicus,14
2720171,Scirpus cyperinus,12351
2720269,Scirpus georgianus,1446
2720130,Scirpus hattorianus,1564
2717391,Scirpus microcarpus,6583
2720282,Scirpus pendulus,3145
2717291,Scirpus radicans,4037
2712669,Scleria biflora,347
2712469,Scleria bourgeaui,39
2712302,Scleria corymbosa,13
2712456,Scleria eggersiana,247
2712737,Scleria hirta,8
2712667,Scleria lacustris,205
2712752,Scleria levis,1037
2712277,Scleria microcarpa,1160
2712617,Scleria mitis,572
2712866,Scleria oblata,67
2712814,Scleria rugosa,1399
2712312,Scleria sieberi,257
2712931,Scleria terrestris,1670
2402231,Scleropages formosus,81
10800651,Sclerophrys maculata,1404
10698146,Sclerophrys regularis,3725
5229154,Scopus umbretta,230020
2374545,Scortum barcoo,592
9646382,Semisulcospira decipiens,62
2360481,Semotilus atromaculatus,45637
2360492,Semotilus corporalis,6424
7908427,Senecio aquaticus,1548
7924142,Serranochromis jallae,91
4285703,Serranochromis robustus,395
2354159,Serrasalmus gibbus,75
2354121,Serrasalmus marginatus,426
2354124,Serrasalmus rhombeus,2574
2354163,Serrasalmus sanchezi,44
2354165,Serrasalmus serrulatus,82
2354120,Serrasalmus spilopleura,521
2490941,Sialia sialis,8079142
9235549,Sibirionetta formosa,21674
2443610,Siebenrockiella crassicollis,153
2337594,Silurus asotus,2490
2337607,Silurus glanis,40472
7569571,Simocephalus heilongjiangensis,38
9937173,Sinanodonta lauta,359
4559541,Sinanodonta woodiana,2847
2380448,Siniperca chuatsi,104
4331540,Sinocalanus doerrii,205
9666001,Sinohyriopsis cumingii,48
10132747,Sinohyriopsis schlegelii,33
6125992,Sinotaia quadrata,1362
8197854,Siphateles bicolor,1281
9450405,Siphateles bicolor mohavensis,120
9421396,"Siphateles bicolor obesus (Girard, 1856)",73
9508387,"Siphateles bicolor snyderi (Miller, 1973)",1
9138018,Skeletonema subsalsum,7390
2114456,Skistodiaptomus pallidus,80
2338869,Sorubimichthys planiceps,103
7679536,Sparganium erectum,322841
6313883,Sparganium stoloniferum stoloniferum,33
2308258,Sparganophilus tamesis,497
9345027,Spatula cyanoptera,1153023
9422220,Spatula discors,3056355
9496048,Spatula hottentota,43339
9290528,Spatula platalea,63484
9583342,Spatula puna,21772
9288935,Spatula rhynchotis,192828
9305555,Spatula versicolor,68987
2286709,Sphaerium corneum,28933
5855596,Sphaerium rivicola,1481
6101223,Spilopelia senegalensis,1497612
4097481,Spirodela polyrhiza,138178
2871376,Spirodela punctata,4475
2308512,Spirosperma ferox,13075
4287003,Squalidus chankaensis,165
4287002,Squalidus gracilis,11183
2365685,Squalius cephalus,938134
7678181,Stagnicola turricula,64
5960965,Staurotypus salvinii,327
4417764,Stenocypris major,21
1029253,Stenocypris malcolmsoni,30
2351343,Stenodus leucichthys,493
4407162,Stenogammarus,223
4417062,Stenogammarus carausui,91
4417065,Stenogammarus compressus,16
4417063,Stenogammarus macrurus,19
4417067,Stenogammarus similis,82
8361961,Stenophysa marmorata,238
2291144,Stenophysa maugeriae,45
4984325,Stephanella hina,32
3193323,Stephanodiscus delicatus,12
5220394,Sternotherus carinatus,1156
2413517,Stolothrissa tanganicae,147
4417612,Strandesia bicuspis,10
5329192,Stratiotes aloides,50627
5208028,Strongylura marina,5379
3144503,Struchium sparganophorum,1159
8375218,Stuckenia filiformis,19094
7871428,Stuckenia pectinata,199202
5208133,Symphysodon aequifasciatus,58
5208131,Symphysodon discus,27
2351979,Synbranchus marmoratus,4018
3192769,Synedra berolinensis,1894
8056718,Syngnathus abaster,1881
2344483,Synodontis eupterus,50
2344349,Synodontis ocellifer,88
4416920,Synurella ambulans,139
2364120,Systomus orphoides,91
6168086,Tachysurus nudiceps,627
2498010,Tadorna cana,86904
2498015,Tadorna ferruginea,389694
2498007,Tadorna tadornoides,245889
2498011,Tadorna variegata,157085
7371959,Taiwanassiminea bedaliensis,1
2407554,Takifugu ocellatus,78
2407604,Takifugu rubripes,68
2366948,Tanakia lanceolata,3497
2366954,Tanakia limbata,150
5207572,Tanichthys albonubes,48
2300928,Tarebia granifera,1523
9479629,Tasserkidrilus americanus,144
2424499,Telmatobius culeus,169
2372981,Telmatochromis bifrenatus,42
2374521,Terapon jarbua,6841
2374540,Terapon puta,1397
2374535,Terapon theraps,6319
2443168,Terrapene ornata,10914
2441461,Testudo graeca,18189
7190922,Testudo graeca graeca,215
2441454,Testudo hermanni,41382
2441514,Testudo horsfieldii,842
2441502,Testudo marginata,2706
5213549,Tetraodon duboisi,7
5213591,Tetraodon lineatus,184
5213579,Tetraodon mbu,185
5213550,Tetraodon miurus,165
8211946,Thalassionema nitzschioides,129709
3193498,Thalassiosira nordenskioeldii,12367
3193414,Thalassiosira pseudonana,5254
2498229,Thalassornis leuconotus,21819
5303040,Thalia dealbata,1326
5303044,Thalia geniculata,6168
5204168,Thayeria boehlkei,213
4561966,Theodoxus danubialis,302
2291444,Theodoxus fluviatilis,43932
10705526,Theodoxus major,281
4562023,Theodoxus transversalis,70
2117025,Thermocyclops crassus,511
2359064,Thoburnia rhothoeca,519
2370889,Thorichthys callolepis,76
2370898,Thorichthys meeki,1190
2480764,Threskiornis aethiopicus,440678
2480765,Threskiornis molucca,999236
2480766,Threskiornis spinicollis,504964
5711974,Thymallus arcticus,3245
5816794,Thymallus baicalensis,18
5203999,Thymallus thymallus,74173
2370591,Tilapia sparrmanii,4970
2362524,Tinca tinca,199440
2441378,Tomistoma schlegelii,62
2364530,Tor putitora,243
2364511,Tor tambra,66
10975167,Torenia anagallis,894
3171892,Torenia crustacea,10029
2382436,Toxotes jaculatrix,1132
4329506,Tracheliastes maculatus,15
4329507,Tracheliastes polycolpus,12
2344685,Trachelyopterus galeatus,1736
2442941,Trachemys,254569
2442992,Trachemys callirostris,1100
2442962,Trachemys decorata,92
2443057,Trachemys decussata,534
2442977,Trachemys dorbigni,1638
2443002,Trachemys scripta,243316
6157026,Trachemys scripta elegans,105820
7062200,Trachemys scripta scripta,18258
6157035,Trachemys scripta troostii,2399
6156996,Trachemys stejnegeri malonei,15
7190905,Trachemys stejnegeri stejnegeri,110
7534069,Trapa bicornis,45
3188757,Trapa natans,29467
2495776,Treron bicinctus,16801
2708017,Trianoptiles solitaria,41
5205578,Tribolodon brandtii,150
5211187,Trichogaster labiosa,68
5211200,Trichogaster lalius,77
7623402,Trichopodus leerii,54
5211179,Trichopodus microlepis,72
5211177,Trichopodus pectoralis,5556
5211169,Trichopodus trichopterus,1333
5211203,Trichopsis schalleri,141
5211201,Trichopsis vittata,859
9321404,Trichromis salvini,1585
2376461,Tridentiger bifasciatus,1792
2376456,Tridentiger brevispinis,3546
2376462,Tridentiger trigonocephalus,1203
2865355,Triglochin bulbosa,694
8010297,Triglochin scilloides,1469
2865321,Triglochin striata,7029
2367610,Trigonostigma heteromorpha,112
2235058,Triops cancriformis,1431
9489150,Triops granarius,245
2235060,Triops longicaudatus,598
2431887,Triturus carnifex,8180
2431886,Triturus marmoratus,40939
4411119,Trocheta pseudodina,297
5788192,Tropheops tropheops,84
9308522,Tubifex blanchardi,134
2308439,Tubifex newaensis,1059
6462129,Turcogammarus aralensis,5
5289461,Typha angustifolia,116003
5289571,Typha capensis,2223
5289534,Typha domingensis,21717
5289423,Typha latifolia,497607
5289503,Typha laxmannii,3208
5289492,Typha minima,4986
5289490,Typha provincialis,28
2401721,Typhlichthys subterraneus,296
2869315,Typhonodorum lindleyanum,306
5203115,Umbra krameri,150
5203110,Umbra limi,6914
5203111,Umbra pygmaea,8753
4374771,Unio mancus,3893
10838194,Unruhdinium kevei,97
2284723,Urnatella gracilis,33
4416910,Uroniphargoides spinicaudatus,2
8001590,Utricularia aurea,1548
3172442,Utricularia inflata,2209
2865501,Vallisneria americana,4073
2865496,Vallisneria nana,683
2865526,Vallisneria spiralis,7870
2298076,Valvata piscinalis,31203
5202901,Vandellia beccarii,120
5202897,Vandellia cirrhosa,253
5414978,Vandellia diffusa,1279
8118192,Vandellia elata,62
5202902,Vandellia sanguinea,124
5229136,Vanellus armatus,502909
5229146,Vanellus chilensis,1238314
5229134,Vanellus miles,1462725
5229142,Vanellus spinosus,201708
9632915,Varichaetadrilus angustipenis,137
2308030,Vejdovskyella intermedia,624
3172086,Veronica anagallis-aquatica,117653
7332572,Veronica anagalloides,3271
7786923,Vibrio paxillifer,14656
5553148,Victoria amazonica,707
7166688,Victoria cruziana,201
2372015,Vieja melanura,1732
2360504,Vimba vimba,11075
7856206,Virididentula dentata,264
5190145,Viviparus,17602
5778081,Viviparus acerosus,279
5778077,Viviparus ater,1124
7344362,Viviparus ater ater,10
5725685,Viviparus viviparus,7262
5330092,Wolffia arrhiza,14840
5330078,Wolffia australiana,554
5330085,Wolffia columbiana,1895
5330098,Wolffia globosa,222
5330905,Xanthosoma platylobum,6
5330897,Xanthosoma robustum,1631
5330901,Xanthosoma sagittifolium,2851
2369064,Xenentodon cancila,596
2423976,Xenopus,15289
5217334,Xenopus laevis,9257
8739608,Xenopus laevis laevis,206
2369816,Xenotilapia longispinis,52
8246728,Xiphophorus hellerii,5076
2350164,Xiphophorus maculatus,1678
2350220,Xiphophorus variatus,942
2350182,Xiphophorus xiphidium,50
11084629,Yamazakia viscosa,145
2367782,Yasuhikotakia morleti,34
4417163,Yogmelina limana,4
2365787,Zacco platypus,52085
2433458,Zalophus californianus,42931
2756540,Zannichellia palustris,93110
2868827,Zantedeschia aethiopica,33302
2868796,Zantedeschia albomaculata,808
10771812,Zhangixalus arboreus,458
2703228,Zizania aquatica,2201
7901745,Zizania latifolia (Griseb.) Turcz. ex Stapf,1576
2863943,Zostera japonica,1632
2863938,Zostera noltii,14181
9300456,Zosterops japonicus,294175
2489362,Zosterops palpebrosus,361276
2704737,Zoysia japonica,2067
