usageKey,species_requested,n_occurrences,taxon_group
5206304,Abbottina rivularis,1825,Fish
9809222,Abramis brama,417343,Fish
2355545,Abramites hypselonotus,295,Fish
2360162,Acanthobrama lissneri,99,Fish
7762008,Acanthobrama microlepis,20,Fish
2375974,Acanthogobius flavimanus,2572,Fish
2368334,Acantopsis dialuzona,134,Fish
2371393,Acarichthys heckelii,790,Fish
2359432,Acheilognathus cyanostigma,28,Fish
2359405,Acheilognathus macropterus,1749,Fish
2359434,Acheilognathus rhombeus,2058,Fish
4286919,Acheilognathus tabira,78,Fish
2359448,Acheilognathus typus,13,Fish
4287131,Acipenser baerii,339,Fish
2402120,Acipenser fulvescens,584622,Fish
2402129,Acipenser gueldenstaedtii,424,Fish
2402193,Acipenser naccarii,186,Fish
2402154,Acipenser nudiventris,41,Fish
2402168,Acipenser ruthenus,851,Fish
2402151,Acipenser sinensis,8,Fish
2402159,Acipenser stellatus,264,Fish
2402122,Acipenser transmontanus,207356,Fish
2343984,Agamyxis pectinifrons,90,Fish
2359113,Agosia chrysogaster,2959,Fish
2360305,Alburnoides bipunctatus,230661,Fish
2362925,Alburnus alburnus,468497,Fish
2362973,Alburnus chalcoides,130,Fish
2362899,Alburnus tarichi,48,Fish
2865152,Alisma gramineum,7511,Plant (strict freshwater habitat tag only)
2865125,Alisma lanceolatum,38491,Plant (strict freshwater habitat tag only)
2865100,Alisma plantago-aquatica,363995,Plant (strict freshwater habitat tag only)
2865181,Alisma subcordatum,2666,Plant (strict freshwater habitat tag only)
2412708,Alosa aestivalis,19616,Fish
4284114,Alosa caspia,24,Fish
2412681,Alosa chrysochloris,2120,Fish
2412637,Alosa immaculata,139,Fish
2412740,Alosa pseudoharengus,112773,Fish
2412661,Alosa sapidissima,14076,Fish
2372765,Altolamprologus compressiceps,183,Fish
4416900,Amathillina cristata,44,Crayfish/crab (Malacostraca)
2370027,Amatitlania nigrofasciata,1599,Fish
2394516,Ambloplites cavifrons,222,Fish
2394513,Ambloplites constellatus,507,Fish
2394514,Ambloplites rupestris,42218,Fish
2347699,Ameca splendens,51,Fish
2340984,Ameiurus brunneus,1733,Fish
2340972,Ameiurus catus,4823,Fish
2340977,Ameiurus melas,55163,Fish
2340969,Ameiurus natalis,36045,Fish
2340989,Ameiurus nebulosus,49561,Fish
2340966,Ameiurus platycephalus,1561,Fish
4606282,Amerianna carinata,148,Gastropod
5207891,Amia calva,12836,Fish
2381973,Ammocrypta bifascia,882,Fish
2381980,Ammocrypta clara,473,Fish
2374606,Amniataba percoides,2414,Fish
2370102,Amphilophus citrinellus,1098,Fish
2370147,Amphilophus labiatus,330,Fish
9991201,Ampullaceana balthica,63592,Gastropod
2391579,Anabas testudineus,1114,Fish
7924816,Anablepsoides hartii,259,Fish
5961398,Ancistrus temminckii,320,Fish
7856519,Andinoacara latifrons,3640,Fish
7525430,Andinoacara pulcher,2673,Fish
7570042,Andinoacara rivulatus,346,Fish
9510074,Anentome helena,201,Gastropod
5212973,Anguilla anguilla,1054418,Fish
5712356,Anguilla australis,40594,Fish
8723307,Anguilla australis australis,0,Fish
5213022,Anguilla japonica,1093,Fish
5213048,Anguilla marmorata,2648,Fish
5212956,Anguilla rostrata,61032,Fish
7923404,Anodontites trapesialis,481,Bivalve
5204681,Apeltes quadracus,6697,Fish
2348092,Aphanius dispar,808,Fish
2348104,Aphanius fasciatus,1079,Fish
2348056,Aphanius mento,741,Fish
2401749,Aphredoderus sayanus,12178,Fish
2353650,Aphyocharax anisitsi,770,Fish
2353659,Aphyocharax dentatus,532,Fish
2348299,Aphyosemion australe,37,Fish
2371221,Apistogramma,7237,Fish
2371302,Apistogramma erythrura,7,Fish
2371304,Apistogramma viejita,50,Fish
2347854,Aplocheilus lineatus,406,Fish
2347811,Aplocheilus panchax,921,Fish
2400265,Aplodinotus grunniens,17803,Fish
9025372,Aplus dorbignyi,470,Gastropod
5328601,Aponogeton abyssinicus,26,Plant (strict freshwater habitat tag only)
5328593,Aponogeton distachyos,2812,Plant (strict freshwater habitat tag only)
5328626,Aponogeton madagascariensis,111,Plant (strict freshwater habitat tag only)
2401878,Apteronotus albifrons,467,Fish
5212877,Arapaima gigas,470,Fish
2394479,Archoplites interruptus,375,Fish
5330661,Arum italicum,158546,Plant (strict freshwater habitat tag only)
2206247,Asellus aquaticus,91172,Crayfish/crab (Malacostraca)
2226998,Astacus astacus,14346,Crayfish/crab (Malacostraca)
2373819,Astatoreochromis alluaudi,530,Fish
2371438,Astatotilapia burtoni,288,Fish
2371453,Astatotilapia calliptera,372,Fish
2370240,Astronotus crassipinnis,120,Fish
2370243,Astronotus ocellatus,1517,Fish
5204359,Astyanax jordani,62,Fish
5204344,Astyanax mexicanus,8171,Fish
5204255,Astyanax orthodus,95,Fish
5204315,Astyanax pampa,6,Fish
2411944,Atherina boyeri,5292,Fish
2411793,Atherinomorus lacunosus,1776,Fish
2346754,Atractosteus spatula,6585,Fish
2346751,Atractosteus tropicus,251,Fish
4309705,Atyaephyra desmarestii,1313,Crayfish/crab (Malacostraca)
5863069,Atyopsis moluccensis,24,Crayfish/crab (Malacostraca)
2370485,Aulonocara nyassae,13,Fish
2370511,Aulonocara stuartgranti,10,Fish
5852937,Australoheros angiru,25,Fish
2370771,Australoheros facetus,1028,Fish
2348984,Austrolebias bellottii,141,Fish
2349007,Austrolebias nigripinnis,16,Fish
9107220,Austropotamobius fulcisianus orientalis,30,Crayfish/crab (Malacostraca)
2650105,Azolla caroliniana,1950,Plant (strict freshwater habitat tag only)
4196474,Azolla cristata,878,Plant (strict freshwater habitat tag only)
2650107,Azolla filiculoides,39338,Plant (strict freshwater habitat tag only)
8276765,Azolla filiculoides subsp. cristata (Kaulf.) Fraser-Jenk.,28,Plant (strict freshwater habitat tag only)
11073901,Azolla mexicana,374,Plant (strict freshwater habitat tag only)
2650104,Azolla mexicana Schlecht. & Cham.,133,Plant (strict freshwater habitat tag only)
4196470,Azolla nilotica Dcne. & Mett.,53,Plant (strict freshwater habitat tag only)
2650106,Azolla pinnata,3915,Plant (strict freshwater habitat tag only)
4196472,Azolla pinnata africana,145,Plant (strict freshwater habitat tag only)
4196486,Azolla pinnata asiatica,524,Plant (strict freshwater habitat tag only)
5788062,Babka gymnotrachelus,986,Fish
5201739,Bagrus meridionalis,3499,Fish
2363816,Balantiocheilos melanopterus,29,Fish
2864546,Baldellia ranunculoides,35624,Plant (strict freshwater habitat tag only)
2367033,Ballerus ballerus,7985,Fish
2367024,Ballerus sapa,1111,Fish
5204862,Barbatula barbatula,714576,Fish
2363847,Barbodes binotatus,1106,Fish
9308968,Barbodes rhombeus,348,Fish
9515715,Barbodes semifasciolatus,806,Fish
2366091,Barbonymus altus,169,Fish
2366114,Barbonymus gonionotus,1358,Fish
2366101,Barbonymus schwanenfeldii,69,Fish
5739539,Barbus barbus,290732,Fish
5207310,Barbus plebejus,3240,Fish
5205365,Beaufortia leveretti,9,Fish
2350149,Belonesox belizanus,1885,Fish
2375748,Benthophiloides brauneri,8,Fish
2378864,Benthophilus stellatus,103,Fish
2394004,Betta bellica,12,Fish
2393998,Betta splendens,448,Fish
2374555,Bidyanus bidyanus,4060,Fish
5784529,Biomphalaria camerunensis,14,Gastropod
2291021,Biomphalaria glabrata,562,Gastropod
8142380,Biomphalaria straminea,654,Gastropod
2299854,Bithynia tentaculata,56207,Gastropod
2364662,Biwia zezera,218,Fish
2359471,Blicca bjoerkna,207931,Fish
2865952,Blyxa aubertii,591,Plant (strict freshwater habitat tag only)
2865970,Blyxa echinosperma,353,Plant (strict freshwater habitat tag only)
2865980,Blyxa japonica,260,Plant (strict freshwater habitat tag only)
8187261,Borysthenia naticina,469,Gastropod
2368023,Botia almorhae,15,Fish
2368019,Botia striata,18,Fish
2377134,Brachygobius xanthozonus,3,Fish
2354111,Bramocharax bransfordii,76,Fish
2353487,Brycon cephalus,46,Fish
2353507,Brycon hilarii,663,Fish
2353460,Brycon melanopterus,308,Fish
2352892,Bryconamericus exodon,457,Fish
2386071,Butis koilomatodon,320,Fish
7193676,Cabdio morar,108,Fish
3986548,Cabomba aquatica,386,Plant (strict freshwater habitat tag only)
2882443,Cabomba caroliniana,6526,Plant (strict freshwater habitat tag only)
4925544,Cabomba furcata,466,Plant (strict freshwater habitat tag only)
3986532,Cabomba palaeformis,366,Plant (strict freshwater habitat tag only)
2205843,Caecidotea communis,576,Crayfish/crab (Malacostraca)
5202866,Callichthys callichthys,1425,Fish
8354737,Callitriche cribrosa,30,Plant (strict freshwater habitat tag only)
5372493,Callitriche marginata,488,Plant (strict freshwater habitat tag only)
5372499,Callitriche peploides,205,Plant (strict freshwater habitat tag only)
5372487,Callitriche stagnalis,72516,Plant (strict freshwater habitat tag only)
5372477,Callitriche terrestris,548,Plant (strict freshwater habitat tag only)
7903930,Callitriche truncata occidentalis,442,Plant (strict freshwater habitat tag only)
2361357,Campostoma anomalum,35511,Fish
2361339,Campostoma oligolepis,8264,Fish
2371467,Caquetaia kraussii,62840,Fish
2360345,Carasobarbus apoensis,19,Fish
2360336,Carasobarbus canis,247,Fish
4286942,Carassius auratus,76711,Fish
9209900,Carassius auratus auratus,838,Fish
11878278,Carassius auratus x Cyprinus carpio,5,Fish
2366645,Carassius carassius,38492,Fish
2366641,Carassius cuvieri,1325,Fish
2366634,Carassius gibelio,41462,Fish
4837765,Carassius langsdorfii,191,Fish
6459977,Cardiophilus marisnigrae,0,Crayfish/crab (Malacostraca)
5204610,Carnegiella strigata,933,Fish
2358948,Carpiodes carpio,12515,Fish
2358950,Carpiodes cyprinus,5397,Fish
2358953,Carpiodes velifer,1642,Fish
4571331,Carychium hellenicum,0,Gastropod
2291066,Carychium minimum,22563,Gastropod
5859258,Carychium pessimum,16,Gastropod
2214312,Caspiocuma campylaspoides,6,Crayfish/crab (Malacostraca)
2359038,Catostomus ardens,906,Fish
4286868,Catostomus catostomus,6929,Fish
2359014,Catostomus commersonii,64113,Fish
2359040,Catostomus fumeiventris,137,Fish
4286867,Catostomus occidentalis,1239,Fish
2359047,Catostomus platyrhynchus,1566,Fish
2359044,Catostomus plebeius,1235,Fish
2359031,Catostomus santaanae,248,Fish
2359045,Catostomus tahoensis,400,Fish
2394521,Centrarchus macropterus,3963,Fish
2882398,Ceratophyllum demersum,162107,Plant (strict freshwater habitat tag only)
7263169,Ceratophyllum platyacanthum,189,Plant (strict freshwater habitat tag only)
2882404,Ceratophyllum submersum,15725,Plant (strict freshwater habitat tag only)
4315713,Chaetogammarus ischnus,887,Crayfish/crab (Malacostraca)
4417132,Chaetogammarus trichiatus,190,Crayfish/crab (Malacostraca)
4315708,Chaetogammarus warpachowskyi,163,Crayfish/crab (Malacostraca)
2353798,Chalceus macrolepidotus,552,Fish
4284921,Channa argus,6936,Fish
2391557,Channa asiatica,240,Fish
2391505,Channa lucius,277,Fish
2391554,Channa maculata,324,Fish
2391548,Channa marulius,775,Fish
2391455,Channa micropeltes,388,Fish
2391520,Channa panaw,24,Fish
2391463,Channa striata,4564,Fish
2406374,Chanos chanos,2498,Fish
5270720,Chara braunii,3877,Plant (strict freshwater habitat tag only)
5270682,Chara connivens,1974,Plant (strict freshwater habitat tag only)
7926430,Chara socotrensis,30,Plant (strict freshwater habitat tag only)
2359089,Chasmistes brevirostris,355,Fish
2353776,Cheirodon interruptus,771,Fish
6460944,Chelicorophium chelicorne,43,Crayfish/crab (Malacostraca)
4314683,Chelicorophium curvispinum,9181,Crayfish/crab (Malacostraca)
6460941,Chelicorophium maeoticum,37,Crayfish/crab (Malacostraca)
8560591,Chelicorophium mucronatum,7,Crayfish/crab (Malacostraca)
6460942,Chelicorophium nobile,43,Crayfish/crab (Malacostraca)
6460946,Chelicorophium robustum,574,Crayfish/crab (Malacostraca)
8439213,Chelicorophium sowinskyi,94,Crayfish/crab (Malacostraca)
9466310,Chelon auratus,2628,Fish
2400863,Chelon labrosus,16849,Fish
9234296,Chelon ramada,12128,Fish
4648606,Cherax albidus,0,Crayfish/crab (Malacostraca)
4417558,Cherax destructor,11595,Crayfish/crab (Malacostraca)
4648609,Cherax quadricarinatus,648,Crayfish/crab (Malacostraca)
4648604,Cherax tenuimanus,172,Crayfish/crab (Malacostraca)
2412453,Chirostoma jordani,1077,Fish
2402266,Chitala blanci,17,Fish
2402277,Chitala chitala,88,Fish
2402260,Chitala ornata,201,Fish
2360551,Chondrostoma nasus,68323,Fish
2367815,Chromobotia macracanthus,20,Fish
2365385,Chrosomus eos,4220,Fish
2365558,Chrosomus neogaeus,1769,Fish
2365388,Chrosomus oreas,1528,Fish
5208140,Cichla kelberi,309,Fish
5208154,Cichla monoculus,500,Fish
5208153,Cichla ocellaris,2400,Fish
5208159,Cichla orinocensis,324,Fish
5208145,Cichla piquiti,190,Fish
5208157,Cichla pleiozona,157,Fish
5208147,Cichla temensis,449,Fish
2371933,Cichlasoma bimaculatum,1344,Fish
2371925,Cichlasoma trimaculatum,463,Fish
9738098,Cipangopaludina chinensis,4105,Gastropod
2292566,Cipangopaludina japonica,805,Gastropod
5206441,Cirrhinus cirrhosus,33,Fish
5206449,Cirrhinus molitorella,147,Fish
5206447,Cirrhinus mrigala,299,Fish
5202683,Clarias batrachus,2064,Fish
5202707,Clarias camerunensis,1165,Fish
5202694,"Clarias fuscus Valenciennes, 1840",264,Fish
5202793,Clarias gariepinus,9546,Fish
5202728,Clarias macrocephalus,223,Fish
5202818,Clarias ngamensis,310,Fish
2361178,Clinostomus elongatus,1581,Fish
2361174,Clinostomus funduloides,6136,Fish
5214533,Clupeonella cultriventris,870,Fish
2350394,Cnesterodon decemmaculatus,994,Fish
2368222,Cobitis bilineata,649,Fish
2368172,Cobitis biwae,772,Fish
2368185,Cobitis taenia,60943,Fish
2407611,Colomesus psittacus,576,Fish
2353152,Colossoma macropomum,1586,Fish
4417074,Compactogammarus compactus,5,Crayfish/crab (Malacostraca)
2373844,Copadichromis borleyi,44,Fish
2355707,Copella arnoldi,233,Fish
9312593,Coptodon rendalli,4981,Fish
9399453,Coptodon tholloni,294,Fish
2370703,Coptodon zillii,6127,Fish
5189032,Corbicula fluminalis,1554,Bivalve
8190231,Corbicula fluminea,65352,Bivalve
8140432,Corbicula largillierti,605,Bivalve
10228087,Corbicula sandai,60,Bivalve
2350934,Coregonus,377942,Fish
2351027,Coregonus albula,149860,Fish
2351092,Coregonus artedi,10357,Fish
2351006,Coregonus autumnalis,1109,Fish
2351119,Coregonus clupeaformis,10532,Fish
2351066,Coregonus fera,23,Fish
2351211,Coregonus lavaretus,30738,Fish
2351174,Coregonus maraena,141497,Fish
4409518,Coregonus maraenoides,5,Fish
2350989,Coregonus migratorius,15,Fish
2351196,Coregonus muksun,64,Fish
2351064,Coregonus nasus,689,Fish
2351155,Coregonus oxyrinchus,302,Fish
2351228,Coregonus pallasii,23,Fish
2351136,Coregonus peled,53,Fish
2350997,Coregonus renke,11,Fish
2350976,Coregonus wartmanni,69,Fish
2380417,Coreoperca kawamebari,160,Fish
2342606,Corydoras aeneus,1025,Fish
2342761,Corydoras agassizii,23,Fish
2342688,Corydoras arcuatus,53,Fish
2342734,Corydoras julii,71,Fish
2342599,Corydoras leucomelas,44,Fish
2342709,Corydoras melanistius,155,Fish
2342763,Corydoras metae,116,Fish
2342720,Corydoras paleatus,488,Fish
2342738,Corydoras panda,3,Fish
2342617,Corydoras rabauti,28,Fish
2334177,Cottus asper,5733,Fish
2334131,Cottus bairdii,11910,Fish
2334120,Cottus extensus,31,Fish
2334127,Cottus greenei,28,Fish
5962227,Cottus immaculatus,264,Fish
2360898,Couesius plumbeus,3104,Fish
2217983,Crangonyx floridanus,245,Crayfish/crab (Malacostraca)
2217982,Crangonyx pseudogracilis,77473,Crayfish/crab (Malacostraca)
2344145,Cranoglanis,17,Fish
6165511,"Crenichthys baileyi grandis Williams & Wilde, 1981",11,Fish
2347713,Crenichthys nevadae,66,Fish
7910909,Cristaria plicata,192,Bivalve
2869244,Cryptocoryne beckettii,7,Plant (strict freshwater habitat tag only)
7551029,Cryptocoryne ciliata,33,Plant (strict freshwater habitat tag only)
2869256,Cryptocoryne crispatula subsp. balansae,7,Plant (strict freshwater habitat tag only)
2869198,Cryptocoryne undulata,4,Plant (strict freshwater habitat tag only)
2869125,Cryptocoryne walkeri,4,Plant (strict freshwater habitat tag only)
2869214,Cryptocoryne wendtii,20,Plant (strict freshwater habitat tag only)
2370311,Cryptoheros spilurus,535,Fish
7563173,Cryptorchestia cavimana,622,Crayfish/crab (Malacostraca)
2362030,Ctenopharyngodon idella,14020,Fish
5210823,Ctenopoma nigropannosum,225,Fish
2356556,Culaea inconstans,9081,Fish
2371966,Cyathopharynx furcifer,262,Fish
2364440,Cyclocheilichthys apogon,375,Fish
5207658,Cyprinella analostana,2850,Fish
5207653,Cyprinella galactura,3951,Fish
5207666,Cyprinella lutrensis,57476,Fish
5207652,Cyprinella pyrrhomelas,725,Fish
5207691,Cyprinella spiloptera,14982,Fish
5207640,Cyprinella venusta,23576,Fish
5207654,Cyprinella whipplei,4820,Fish
2363453,Cyprinion acinaces,30,Fish
2347934,Cyprinodon diabolis,95,Fish
2347876,Cyprinodon eremus,332,Fish
2347892,Cyprinodon macularius,3984,Fish
6165255,Cyprinodon macularius macularius,3393,Fish
4284433,Cyprinodon nevadensis,1144,Fish
6165251,"Cyprinodon nevadensis amargosae Miller, 1948",67,Fish
2347874,Cyprinodon radiosus,60,Fish
2347921,Cyprinodon rubrofluviatilis,1666,Fish
4284441,Cyprinodon salinus,467,Fish
4284440,Cyprinodon variegatus,20744,Fish
4286975,Cyprinus carpio,311516,Fish
8732936,Cyprinus carpio carpio,316,Fish
11712227,Cyprinus carpio nudus,4,Fish
2367196,Cyprinus rubrofuscus,5723,Fish
2372469,Cyrtocara moorii,23,Fish
5203120,Dallia pectoralis,452,Fish
2362695,Danio albolineatus,220,Fish
2362690,Danio kerri,27,Fish
9797255,Danio rerio,260,Fish
5210838,Datnioides microlepis,25,Fish
7741827,Dawkinsia filamentosa,188,Fish
2413676,Denticeps clupeoides,46,Fish
2368988,Dermogenys pusilla,164,Fish
2361515,Devario aequipinnatus,173,Fish
2361527,Devario malabaricus,245,Fish
2394622,Dicentrarchus labrax,40183,Fish
9491873,Dichotomyctere fluviatilis,97,Fish
9285041,Dichotomyctere nigroviridis,257,Fish
4315704,Dikerogammarus bispinosus,39,Crayfish/crab (Malacostraca)
4315703,Dikerogammarus haemobaphes,4143,Crayfish/crab (Malacostraca)
4315705,Dikerogammarus villosus,4070,Crayfish/crab (Malacostraca)
2369877,Dimidiochromis compressiceps,24,Fish
2718582,Diplacrum caricinum,344,Plant (strict freshwater habitat tag only)
2413541,Dorosoma cepedianum,47599,Fish
2413553,Dorosoma petenense,19255,Fish
2287073,Dreissena bugensis,9475,Bivalve
2287072,Dreissena polymorpha,40925,Bivalve
5855855,Dreissena polymorpha polymorpha,74,Bivalve
4371623,Dreissena rostriformis,34,Bivalve
2290950,Drepanotrema cimex,221,Gastropod
2290952,Drepanotrema kermatoides,26,Gastropod
4315760,Echinogammarus berilloni,1872,Crayfish/crab (Malacostraca)
2401958,Electrophorus electricus,585,Fish
2386104,Eleotris melanosoma,638,Fish
2386147,Eleotris oxycephala,193,Fish
5329198,Elodea callitrichoides,237,Plant (strict freshwater habitat tag only)
5329263,Elodea densa,8379,Plant (strict freshwater habitat tag only)
5329255,Elodea najas,187,Plant (strict freshwater habitat tag only)
5329212,Elodea nuttallii,125643,Plant (strict freshwater habitat tag only)
8937497,"Emmericia patula Esu, Girotti & Pisegna Cerone, 2016",83,Gastropod
4284453,Empetrichthys latos,113,Fish
7193294,Empetrichthys latos latos,35,Fish
2394551,Enneacanthus gloriosus,5016,Fish
9577564,Enteromius anoplus,2424,Fish
9264695,Enteromius paludinosus,3655,Fish
2360397,Epalzeorhynchos bicolor,14,Fish
2360401,Epalzeorhynchos frenatus,37,Fish
2360408,Epalzeorhynchos kalopterus,32,Fish
2362069,Eremichthys acros,26,Fish
5202895,Eremophilus mutisii,282,Fish
2358939,Erimyzon sucetta,6358,Fish
5863366,Eriocheir hepuensis,127,Crayfish/crab (Malacostraca)
2225776,Eriocheir sinensis,26580,Crayfish/crab (Malacostraca)
2352207,Erythrinus erythrinus,1168,Fish
2364604,Esomus metallicus,733,Fish
4284046,Esox americanus,14058,Fish
6167920,Esox americanus americanus,1083,Fish
6167921,"Esox americanus vermiculatus Lesueur, 1846",2042,Fish
6167926,Esox cisalpinus,107,Fish
2346633,Esox lucius,688297,Fish
2346634,Esox masquinongy,8051,Fish
2346629,Esox niger,16473,Fish
2346630,Esox reichertii,91,Fish
7484032,Esperiana esperi,433,Gastropod
2382397,Etheostoma blennioides,13826,Fish
2382341,Etheostoma caeruleum,17676,Fish
2382268,Etheostoma cragini,566,Fish
2382209,Etheostoma edwini,1686,Fish
2382377,Etheostoma exile,4791,Fish
2382339,Etheostoma fusiforme,4337,Fish
2382319,Etheostoma nigrum,29128,Fish
2382304,Etheostoma nuchale,80,Fish
2382257,Etheostoma olmstedi,10749,Fish
2382231,Etheostoma rufilineatum,3726,Fish
2382351,Etheostoma simoterum,2822,Fish
2382365,Etheostoma zonale,8741,Fish
2372831,Etroplus maculatus,237,Fish
7664805,Euglesa casertana,22895,Bivalve
9940792,Euglesa compressa,2233,Bivalve
7857878,Euglesa henslowana,8279,Bivalve
7403632,Euglesa supina,3426,Bivalve
2361984,Exoglossum laurae,434,Fish
2361987,Exoglossum maxillingua,3458,Fish
2340449,Farlowella vittata,967,Fish
8930656,Faxonius immunis,2345,Crayfish/crab (Malacostraca)
8721209,Faxonius juvenilis,423,Crayfish/crab (Malacostraca)
8909595,Faxonius limosus,59039,Crayfish/crab (Malacostraca)
8819510,Faxonius obscurus,498,Crayfish/crab (Malacostraca)
8979506,Faxonius rusticus,8190,Crayfish/crab (Malacostraca)
8971201,Faxonius virilis,16751,Crayfish/crab (Malacostraca)
9520065,Ferrissia californica,2854,Gastropod
7711008,Filopaludina martensi,54,Gastropod
8294275,Filopaludina sumatrensis,40,Gastropod
2401729,Forbesichthys agassizii,240,Fish
5203654,Fundulus catenatus,4419,Fish
5203617,Fundulus chrysotus,4521,Fish
5712054,Fundulus diaphanus,9803,Fish
7193435,Fundulus diaphanus diaphanus,901,Fish
5712056,Fundulus heteroclitus,13733,Fish
5203643,Fundulus kansae,2099,Fish
5203685,Fundulus lineolatus,1460,Fish
5203690,Fundulus notatus,14257,Fish
5203693,Fundulus sciadicus,775,Fish
5203702,Fundulus seminolis,2258,Fish
5203648,Fundulus stellifer,598,Fish
5203644,Fundulus zebrinus,8840,Fish
7513308,Galba bulimoides,225,Gastropod
7675714,Galba cubensis,419,Gastropod
2291336,Galba truncatula,24751,Gastropod
2350580,Gambusia affinis,84190,Fish
2350614,Gambusia geiseri,1108,Fish
2350570,Gambusia holbrooki,55165,Fish
2350562,Gambusia nobilis,859,Fish
2219837,Gammarus fasciatus,897,Crayfish/crab (Malacostraca)
2219867,Gammarus lacustris,5982,Crayfish/crab (Malacostraca)
2219853,Gammarus pulex,27833,Crayfish/crab (Malacostraca)
5864277,Gammarus roeselii,6294,Crayfish/crab (Malacostraca)
4416986,Gammarus varsoviensis,18,Crayfish/crab (Malacostraca)
4286327,Gasterosteus aculeatus,230742,Fish
2356544,Gasterosteus microcephalus,417,Fish
5208430,Geophagus altifrons,504,Fish
7769592,Geophagus brasiliensis,6293,Fish
5208426,Geophagus proximus,201,Fish
5208434,Geophagus surinamensis,820,Fish
2365855,Gibelion catla,157,Fish
2360064,Gila atraria,1299,Fish
2360123,Gila coerulea,151,Fish
2360106,Gila orcuttii,685,Fish
2360118,Gila pandora,1500,Fish
2360128,Gila robusta,2155,Fish
2360105,Gila seminuda,106,Fish
5192436,Gillia altilis,233,Gastropod
4285919,Giuris margaritacea,285,Fish
2378087,Glossogobius giuris,2135,Fish
3730174,Glossostigma cleistanthum,272,Plant (strict freshwater habitat tag only)
3730140,Glossostigma elatinoides,1169,Plant (strict freshwater habitat tag only)
8918476,Gmelinoides fasciatus,93,Crayfish/crab (Malacostraca)
2402409,Gnathonemus petersii,461,Fish
2366325,Gnathopogon caerulescens,51,Fish
2366298,Gnathopogon elongatus,1130,Fish
2366314,Gnathopogon strigatus,1230,Fish
4409628,Gobio gobio,985908,Fish
4409629,Gobio lozanoi,14045,Fish
5207765,Gobio occitaniae,4132,Fish
2375711,Gobionellus oceanicus,1214,Fish
2377293,Gobiopterus semivestitus,1006,Fish
2354248,Grundulus bogotensis,234,Fish
5209574,Gymnocephalus cernua,331843,Fish
2353920,Gymnocorymbus ternetzi,351,Fish
2403936,Gymnothorax tile,90,Fish
4562197,Gyraulus chinensis,993,Gastropod
2290996,Gyraulus parvus,5828,Gastropod
2368346,Gyrinocheilus aymonieri,91,Fish
2367430,Hampala macrolepidota,526,Fish
2373727,Haplochromis erythromaculatus,70,Fish
2353385,Hasemania nana,41,Fish
5189722,Helisoma anceps,3566,Gastropod
2392012,Helostoma temminckii,82,Fish
2338172,Hemibagrus nemurus,397,Fish
2366001,Hemibarbus labeo,3312,Fish
2365991,Hemibarbus longirostris,5639,Fish
2365995,Hemibarbus maculatus,98,Fish
2371368,Hemichromis bimaculatus,1024,Fish
2371378,Hemichromis elongatus,1394,Fish
2371377,Hemichromis fasciatus,2823,Fish
2371362,Hemichromis guttatus,174,Fish
2371363,Hemichromis letourneuxi,1154,Fish
2367280,Hemiculter leucisculus,7189,Fish
2367301,Hemiculter lucidus,10,Fish
2354398,Hemigrammus erythrozonus,76,Fish
2354330,Hemigrammus ocellifer,1383,Fish
2220312,Hemimysis anomala,874,Crayfish/crab (Malacostraca)
2354911,Hemiodus gracilis,323,Fish
2373122,Herichthys carpintis,220,Fish
2373136,Herichthys cyanoguttatus,8305,Fish
5208365,Heros efasciatus,307,Fish
5208367,Heros severus,652,Fish
2360051,Hesperoleucus symmetricus,1269,Fish
2349968,Heterandria formosa,3527,Fish
2766129,Heteranthera limosa,2283,Plant (strict freshwater habitat tag only)
2766167,Heteranthera peduncularis,546,Plant (strict freshwater habitat tag only)
2766151,Heteranthera reniformis,4094,Plant (strict freshwater habitat tag only)
2766169,Heteranthera rotundifolia,1111,Plant (strict freshwater habitat tag only)
2766146,Heteranthera zosterifolia,244,Plant (strict freshwater habitat tag only)
5202532,Heteropneustes fossilis,341,Fish
9466990,Heterotilapia buttikoferi,68,Fish
5212880,Heterotis niloticus,439,Fish
2402320,Hiodon alosoides,1354,Fish
2402318,Hiodon tergisus,1301,Fish
2352230,Hoplias malabaricus,33721,Fish
2342499,Hoplosternum littorale,2153,Fish
2338327,Horabagrus brachysoma,27,Fish
2351413,Hucho hucho,337,Fish
2402105,Huso huso,127,Fish
2364394,Hybognathus hankinsoni,3033,Fish
2364395,Hybognathus nuchalis,4774,Fish
2364391,Hybognathus placitus,7887,Fish
2364402,Hybognathus regius,1367,Fish
2366620,Hybopsis amblops,4357,Fish
2366623,Hybopsis amnis,1040,Fish
2366617,Hybopsis hypsinotus,748,Fish
2366628,Hybopsis winchelli,2463,Fish
5329570,Hydrilla verticillata,18525,Plant (strict freshwater habitat tag only)
7853488,Hydrilla verticillata F.Muell.,0,Plant (strict freshwater habitat tag only)
5329272,Hydrocharis dubia,924,Plant (strict freshwater habitat tag only)
11055820,Hydrocharis laevigata,3405,Plant (strict freshwater habitat tag only)
5329266,Hydrocharis morsus-ranae,127404,Plant (strict freshwater habitat tag only)
5329641,Hydrocharis spongia,980,Plant (strict freshwater habitat tag only)
2864576,Hydrocleys modesta,26,Plant (strict freshwater habitat tag only)
2864584,Hydrocleys nymphoides,1151,Plant (strict freshwater habitat tag only)
2356176,Hydrocynus goliath,108,Fish
2356183,Hydrocynus vittatus,1337,Fish
2641977,Hydrodictyon reticulatum,4327,Plant (strict freshwater habitat tag only)
2352289,Hydrolycus armatus,341,Fish
8020998,Hydrotriche hottoniiflora,39,Plant (strict freshwater habitat tag only)
5415352,Hygrophila auriculata,1610,Plant (strict freshwater habitat tag only)
5415353,Hygrophila corymbosa,77,Plant (strict freshwater habitat tag only)
5415348,Hygrophila costata,2190,Plant (strict freshwater habitat tag only)
7549085,Hygrophila difformis,64,Plant (strict freshwater habitat tag only)
5575565,Hygrophila erecta,152,Plant (strict freshwater habitat tag only)
5575384,Hygrophila meianthos,0,Plant (strict freshwater habitat tag only)
5575310,Hygrophila phlomoides,31,Plant (strict freshwater habitat tag only)
5415355,Hygrophila polysperma,1044,Plant (strict freshwater habitat tag only)
7591349,Hygrophila ringens,834,Plant (strict freshwater habitat tag only)
2339299,Hypancistrus zebra,31,Fish
2358934,Hypentelium etowanum,3912,Fish
2358931,Hypentelium nigricans,18250,Fish
2358930,Hypentelium roanokense,425,Fish
2354671,Hyphessobrycon anisitsi,408,Fish
2354612,Hyphessobrycon eques,1245,Fish
2354681,Hyphessobrycon erythrostigma,57,Fish
2354538,Hyphessobrycon flammeus,58,Fish
2354640,Hyphessobrycon herbertaxelrodi,46,Fish
2354646,Hyphessobrycon megalopterus,48,Fish
2354601,Hyphessobrycon pulchripinnis,89,Fish
2410890,Hypomesus nipponensis,1210,Fish
2410880,Hypomesus olidus,583,Fish
2410879,Hypomesus transpacificus,128,Fish
2362473,Hypophthalmichthys molitrix,13012,Fish
2362486,Hypophthalmichthys nobilis,3854,Fish
2339615,Hypostomus,23179,Fish
5202178,Hypostomus plecostomus,692,Fish
5202194,Hypostomus punctatus,120,Fish
5202236,Hypostomus ventromaculatus,127,Fish
2370817,Hypsophrys nicaraguensis,144,Fish
4285662,Hysterocarpus traskii,376,Fish
2421247,Ichthyomyzon unicuspis,858,Fish
5202525,Ictalurus furcatus,120021,Fish
5202521,Ictalurus pricei,344,Fish
5202520,Ictalurus punctatus,63271,Fish
2359075,Ictiobus bubalus,6464,Fish
2359081,Ictiobus cyprinellus,3859,Fish
2359079,Ictiobus niger,734,Fish
5784747,Indoplanorbis exustus,353,Gastropod
2362727,Iotichthys phlegethontis,50,Fish
2367589,Ischikauia steenackeri,110,Fish
2348164,Jordanella floridae,1297,Fish
2375688,Knipowitschia caucasica,2326,Fish
2337886,Kryptopterus bicirrhis,49,Fish
5208684,Kuhlia rupestris,1627,Fish
5206125,Labeo bata,178,Fish
5206019,Labeo calbasu,246,Fish
5206198,Labeo chrysophekadion,169,Fish
5206083,Labeo rohita,500,Fish
5205453,Labeobarbus aeneus,883,Fish
5205497,Labeobarbus kimberleyensis,211,Fish
5205514,Labeobarbus natalensis,1099,Fish
2372167,Labeotropheus fuelleborni,173,Fish
2412271,Labidesthes sicculus,18883,Fish
2371661,Labidochromis caeruleus,16,Fish
8343100,Ladislavella catascopium,1115,Gastropod
2865567,Lagarosiphon madagascariensis,70,Plant (strict freshwater habitat tag only)
2865565,Lagarosiphon major,10656,Plant (strict freshwater habitat tag only)
2865550,Lagarosiphon muscoides,201,Plant (strict freshwater habitat tag only)
2392025,Lateolabrax japonicus,1193,Fish
2393183,Lates angustifrons,67,Fish
2393172,Lates calcarifer,44533,Fish
2393192,Lates mariae,77,Fish
2393184,Lates niloticus,3104,Fish
5206009,Lavinia exilicauda,538,Fish
2358859,Lefua nikkonis,28,Fish
2338858,Leiarius marmoratus,186,Fish
2867616,Lemna aequinoctialis,3808,Plant (strict freshwater habitat tag only)
2867569,Lemna gibba,93010,Plant (strict freshwater habitat tag only)
2867589,Lemna minor,433808,Plant (strict freshwater habitat tag only)
2867614,Lemna minuta,45362,Plant (strict freshwater habitat tag only)
2867627,Lemna perpusilla,849,Plant (strict freshwater habitat tag only)
2867631,Lemna turionifera,7430,Plant (strict freshwater habitat tag only)
2867612,Lemna valdiviana,803,Plant (strict freshwater habitat tag only)
6518512,Leostyletus misakiensis,85,Gastropod
2361898,Lepidomeda albivallis,51,Fish
2361899,Lepidomeda copei,132,Fish
6166781,Lepidomeda mollispinis mollispinis,29,Fish
6166782,"Lepidomeda mollispinis pratensis Miller & Hubbs, 1960",5,Fish
2346692,Lepisosteus oculatus,54657,Fish
2346740,Lepisosteus platostomus,1872,Fish
2346698,Lepisosteus platyrhincus,6324,Fish
2394491,Lepomis auritus,30887,Fish
2394494,Lepomis cyanellus,70140,Fish
2394486,Lepomis gibbosus,206357,Fish
2394507,Lepomis gulosus,26453,Fish
2394483,Lepomis humilis,13482,Fish
2394503,Lepomis macrochirus,188849,Fish
2394497,Lepomis marginatus,6383,Fish
2394510,Lepomis megalotis,29195,Fish
2394501,Lepomis microlophus,25013,Fish
2394505,Lepomis miniatus,5290,Fish
2394499,Lepomis punctatus,9654,Fish
2339395,Leporacanthicus galaxias,45,Fish
2355387,Leporinus fasciatus,1224,Fish
2365645,Leptobarbus hoevenii,51,Fish
2365651,Leptobarbus rubripinna,23,Fish
2362881,Leucaspius delineatus,28214,Fish
5851603,Leuciscus aspius,19628,Fish
5205770,Leuciscus baicalensis,99,Fish
4409643,Leuciscus idus,40489,Fish
4409641,Leuciscus leuciscus,185679,Fish
5203831,Limia vittata,204,Fish
5863000,Limnocaridina tanganyikae,7,Crayfish/crab (Malacostraca)
2220347,Limnomysis benedeni,4265,Crayfish/crab (Malacostraca)
5415005,Limnophila aromatica,688,Plant (strict freshwater habitat tag only)
6033875,Limnophila chinensis,354,Plant (strict freshwater habitat tag only)
5415004,Limnophila indica,329,Plant (strict freshwater habitat tag only)
8083723,Limnophila laxa,5,Plant (strict freshwater habitat tag only)
5415002,Limnophila ludoviciana,41,Plant (strict freshwater habitat tag only)
5415001,Limnophila sessiliflora,1838,Plant (strict freshwater habitat tag only)
8370084,Limnophila villosa,8,Plant (strict freshwater habitat tag only)
2413361,Limnothrissa miodon,743,Fish
2342839,Liobagrus reinii,108,Fish
5777912,Lithoglyphus naticoides,1779,Gastropod
2415460,Lota lota,232627,Fish
2349571,Lucania goodei,3151,Fish
2349567,Lucania parva,30378,Fish
2363097,Luciobarbus graellsii,17533,Fish
2864775,Luronium natans,20098,Plant (strict freshwater habitat tag only)
2385069,Lutjanus argentimaculatus,13595,Fish
2366984,Luxilus albeolus,1580,Fish
2366987,Luxilus cerasinus,1086,Fish
2366993,Luxilus chrysocephalus,20145,Fish
2366963,Luxilus coccogenis,2231,Fish
2366967,Luxilus cornutus,20216,Fish
2366959,Luxilus zonistius,510,Fish
2291253,Lymnaea stagnalis,63859,Gastropod
2869311,Lysichiton americanus,46306,Plant (strict freshwater habitat tag only)
2869301,Lysichiton camtschatcensis,1561,Plant (strict freshwater habitat tag only)
2366055,Lythrurus ardens,1862,Fish
2366076,Lythrurus atrapiculus,453,Fish
2366064,Lythrurus fasciolaris,3472,Fish
2366058,Lythrurus matutinus,427,Fish
2380484,Maccullochella peelii,24615,Fish
5209327,Macquaria ambigua,22331,Fish
5209330,Macquaria colonorum,2234,Fish
5209329,Macquaria novemaculeata,30379,Fish
2362056,Macrhybopsis meeki,125,Fish
2224710,Macrobrachium amazonicum,517,Crayfish/crab (Malacostraca)
2224763,Macrobrachium dayanum,4,Crayfish/crab (Malacostraca)
2224744,Macrobrachium gracilirostre,60,Crayfish/crab (Malacostraca)
2224579,Macrobrachium inflatum,3,Crayfish/crab (Malacostraca)
2224668,Macrobrachium lanchesteri,56,Crayfish/crab (Malacostraca)
2224515,Macrobrachium nipponense,2557,Crayfish/crab (Malacostraca)
2224546,Macrobrachium rosenbergii,482,Crayfish/crab (Malacostraca)
7194553,"Macrobrachium rosenbergii subsp. rosenbergii (De Man, 1879)",0,Crayfish/crab (Malacostraca)
5204062,Macrognathus aculeatus,101,Fish
5204055,Macrognathus siamensis,340,Fish
5204054,Macrognathus zebrinus,49,Fish
5211160,Macropodus opercularis,427,Fish
7820753,Magallana gigas,36714,Bivalve
2360894,Margariscus margarita,1916,Fish
2292586,Marisa cornuarietis,751,Gastropod
2412071,Marosatherina ladigesi,2,Fish
5613335,Marsilea crenata,369,Plant (strict freshwater habitat tag only)
7275825,Marsilea drummondii,11033,Plant (strict freshwater habitat tag only)
5274865,Marsilea hirsuta,1966,Plant (strict freshwater habitat tag only)
5274876,Marsilea minuta,806,Plant (strict freshwater habitat tag only)
5613347,Marsilea mutica,1034,Plant (strict freshwater habitat tag only)
5274875,Marsilea quadrifolia,7177,Plant (strict freshwater habitat tag only)
2351784,"Mastacembelus armatus Sykes, 1839",579,Fish
2351804,Mastacembelus erythrotaenia,40,Fish
2707865,Mayaca fluviatilis,1569,Plant (strict freshwater habitat tag only)
9632775,Mayaheros beani,414,Fish
9539561,Mayaheros urophthalmus,6325,Fish
2372994,Maylandia estherae,28,Fish
2372997,Maylandia lombardoi,9,Fish
2373039,Maylandia zebra,231,Fish
2361250,Meda fulgida,692,Fish
2362740,Megalobrama amblycephala,58,Fish
2362745,Megalobrama terminalis,135,Fish
2373186,Melanochromis auratus,89,Fish
4362965,Melanoides tuberculata,6181,Gastropod
2411671,Melanotaenia australis,1498,Fish
2411651,Melanotaenia boesemani,39,Fish
2411662,Melanotaenia herbertaxelrodi,2,Fish
2411677,Melanotaenia nigrans,1363,Fish
2411715,Melanotaenia praecox,2,Fish
4284264,Melanotaenia splendida,8281,Fish
5189713,Menetus dilatatus,1790,Gastropod
2412298,Menidia audens,1782,Fish
2412295,Menidia beryllina,20836,Fish
9285139,Mesoheros festae,44,Fish
2353432,Metynnis argenteus,174,Fish
2353434,Metynnis hypsauchen,313,Fish
2362362,Metzia lineata,73,Fish
2391639,Microctenopoma ansorgii,193,Fish
2344132,Microglanis iheringi,394,Fish
5211258,Micropterus cataractae,390,Fish
5211257,Micropterus coosae,2924,Fish
5211250,Micropterus dolomieu,67131,Fish
5211240,Micropterus floridanus,2689,Fish
7193243,Micropterus henshalli,1162,Fish
5211245,Micropterus punctulatus,23347,Fish
2394563,Micropterus salmoides,162794,Fish
5211242,"Micropterus salmoides floridanus (Lesueur, 1822)",1242,Fish
5211243,Micropterus treculii,2766,Fish
7843893,Mieniplotia scabra,674,Gastropod
2373109,Mikrogeophagus altispinosus,22,Fish
2373104,Mikrogeophagus ramirezi,535,Fish
2358945,Minytrema melanops,7935,Fish
2367919,Misgurnus anguillicaudatus,20729,Fish
2367936,Misgurnus fossilis,8429,Fish
2367907,Misgurnus mizolepis,7034,Fish
2367911,Misgurnus mohoity,369,Fish
2367938,Misgurnus nikolskyi,7,Fish
2362734,Moapa coriacea,59,Fish
2352615,Moenkhausia sanctaefilomenae,811,Fish
5211117,Monodactylus argenteus,3559,Fish
5211115,Monodactylus sebae,1613,Fish
10133060,Monodontina vondembuschiana,76,Bivalve
5204081,Monopterus albus,1505,Fish
5204099,Monopterus cuchia,61,Fish
2394604,Morone americana,21146,Fish
2394598,Morone chrysops,17029,Fish
2394610,Morone mississippiensis,3003,Fish
2394612,Morone saxatilis,156113,Fish
2358964,Moxostoma anisurum,3710,Fish
2359003,Moxostoma cervinum,511,Fish
2358972,Moxostoma collapsum,828,Fish
2358988,Moxostoma congestum,2443,Fish
2358966,Moxostoma erythrurum,11642,Fish
2359011,Moxostoma lachneri,325,Fish
2359006,Moxostoma macrolepidotum,7189,Fish
2358979,Moxostoma pisolabrum,120,Fish
2358974,Moxostoma rupiscartes,1077,Fish
8189568,Mugil cephalus,137224,Fish
2400641,Mugil curema,30807,Fish
2405369,Muraenesox cinereus,733,Fish
2286719,Musculium transversum,1391,Bivalve
2354481,Myleus pacu,81,Fish
2360913,Mylocheilus caurinus,784,Fish
2362110,Mylopharyngodon piceus,413,Fish
2353404,Myloplus rubripinnis,773,Fish
5361785,Myriophyllum aquaticum,26884,Plant (strict freshwater habitat tag only)
5361762,Myriophyllum heterophyllum,4676,Plant (strict freshwater habitat tag only)
5361776,Myriophyllum pinnatum,389,Plant (strict freshwater habitat tag only)
5361788,Myriophyllum quitense,707,Plant (strict freshwater habitat tag only)
5555421,Myriophyllum robustum,206,Plant (strict freshwater habitat tag only)
5555409,Myriophyllum simulans,1351,Plant (strict freshwater habitat tag only)
5361760,Myriophyllum spicatum,189785,Plant (strict freshwater habitat tag only)
5361779,Myriophyllum verticillatum,33600,Plant (strict freshwater habitat tag only)
5201840,Mystus castaneus,26,Fish
5201907,Mystus wolffii,38,Fish
2287076,Mytilopsis leucophaeata,1845,Bivalve
2359106,Myxocyprinus asiaticus,21,Fish
5329463,Najas chinensis,32,Plant (strict freshwater habitat tag only)
5329315,Najas flexilis,5241,Plant (strict freshwater habitat tag only)
5329454,Najas gracillima,679,Plant (strict freshwater habitat tag only)
5329404,Najas graminea,1023,Plant (strict freshwater habitat tag only)
5329293,Najas guadalupensis,3278,Plant (strict freshwater habitat tag only)
5329388,Najas indica,219,Plant (strict freshwater habitat tag only)
5329431,Najas malesiana,59,Plant (strict freshwater habitat tag only)
5329324,Najas marina,48154,Plant (strict freshwater habitat tag only)
7600839,Najas marina intermedia,107,Plant (strict freshwater habitat tag only)
7228338,Najas marina marina,3841,Plant (strict freshwater habitat tag only)
5329434,Najas minor,10706,Plant (strict freshwater habitat tag only)
5329459,Najas pectinata,195,Plant (strict freshwater habitat tag only)
5329424,Najas wrightiana,110,Plant (strict freshwater habitat tag only)
2355651,Nannostomus unifasciatus,841,Fish
2882449,Nelumbo nucifera,8065,Plant (strict freshwater habitat tag only)
2349543,Nematolebias whitei,31,Fish
11689892,Neocaridina davidi,378,Crayfish/crab (Malacostraca)
2379105,Neogobius fluviatilis,5974,Fish
2379089,Neogobius melanostomus,79162,Fish
2371754,Neolamprologus brichardi,73,Fish
2371746,Neolamprologus leleupi,47,Fish
2362762,Neolissochilus,729,Fish
2411019,Neosalanx taihuensis,1,Fish
2371163,Nimbochromis livingstonii,59,Fish
2371145,Nimbochromis venustus,40,Fish
4417076,Niphargogammarus intermedius,3,Crayfish/crab (Malacostraca)
4642636,Niphargoides,9,Crayfish/crab (Malacostraca)
6462133,Niphargoides corpulentus,5,Crayfish/crab (Malacostraca)
4417274,Niphargus hrabei,153,Crayfish/crab (Malacostraca)
2360921,Nipponocypris sieboldii,439,Fish
2360929,Nipponocypris temminckii,11063,Fish
8207003,Nitella syncarpa,1793,Plant (strict freshwater habitat tag only)
2365443,Nocomis biguttatus,7487,Fish
2365439,Nocomis leptocephalus,9281,Fish
2365441,Nocomis micropogon,6785,Fish
2365449,Nocomis raneyi,662,Fish
2363714,Notemigonus crysoleucas,38543,Fish
2348594,Nothobranchius guentheri,9,Fish
5212862,Notopterus notopterus,668,Fish
2362260,Notropis altipinnis,1082,Fish
2362227,Notropis amabilis,2831,Fish
2362198,Notropis amoenus,1110,Fish
2362337,Notropis ariommus,463,Fish
2362170,Notropis atherinoides,21473,Fish
2362288,Notropis baileyi,2451,Fish
2362252,Notropis bairdi,1680,Fish
2362130,Notropis blennius,2616,Fish
2362225,Notropis boops,5775,Fish
2362253,Notropis buccatus,6041,Fish
2362153,Notropis buccula,247,Fish
2362297,Notropis buchanani,3557,Fish
2362267,Notropis chiliticus,1031,Fish
2362339,Notropis chrosomus,546,Fish
2366615,Notropis dorsalis,5379,Fish
2362242,Notropis girardi,3996,Fish
2362134,Notropis harperi,914,Fish
2362139,Notropis heterolepis,3724,Fish
2362185,Notropis hudsonius,21419,Fish
2362255,Notropis hypsilepis,87,Fish
2362269,Notropis leuciodus,2022,Fish
2362201,Notropis longirostris,2562,Fish
2362319,Notropis lutipinnis,1676,Fish
2362271,Notropis nubilus,2742,Fish
2362335,Notropis oxyrhynchus,393,Fish
2362298,Notropis ozarcanus,191,Fish
2362129,Notropis potteri,1060,Fish
2362157,Notropis procne,2091,Fish
2362326,Notropis rubellus,7221,Fish
2362148,Notropis rubricroceus,940,Fish
2362244,Notropis shumardi,1176,Fish
2362330,Notropis spectrunculus,1073,Fish
2362216,Notropis stramineus,19556,Fish
2362332,Notropis telescopus,3156,Fish
2362312,Notropis texanus,7937,Fish
2362211,Notropis volucellus,11648,Fish
2362155,Notropis xaenocephalus,793,Fish
2341039,Noturus exilis,3272,Fish
2341033,Noturus flavus,5960,Fish
2341023,Noturus gilberti,117,Fish
2341016,Noturus gyrinus,9112,Fish
2341009,Noturus insignis,4240,Fish
2341024,Noturus miurus,2814,Fish
2341036,Noturus nocturnus,3100,Fish
2341037,Noturus stigmosus,329,Fish
2346616,Novumbra hubbsi,141,Fish
6434985,Nuphar advena,10183,Plant (strict freshwater habitat tag only)
7326938,Nuphar japonica,632,Plant (strict freshwater habitat tag only)
7551339,Nuphar lutea,229560,Plant (strict freshwater habitat tag only)
6435002,Nuphar pumila,9070,Plant (strict freshwater habitat tag only)
3697714,Nuphar rubrodisca,561,Plant (strict freshwater habitat tag only)
2882411,Nymphaea,229594,Plant (strict freshwater habitat tag only)
2882437,Nymphaea alba,123245,Plant (strict freshwater habitat tag only)
7751392,Nymphaea alba f. rosea Mela,91,Plant (strict freshwater habitat tag only)
7410966,Nymphaea candida,21344,Plant (strict freshwater habitat tag only)
8074971,Nymphaea capensis,15,Plant (strict freshwater habitat tag only)
2882430,Nymphaea jamesoniana,241,Plant (strict freshwater habitat tag only)
2882429,Nymphaea lotus,2565,Plant (strict freshwater habitat tag only)
7802465,Nymphaea marliacea,7163,Plant (strict freshwater habitat tag only)
2882420,Nymphaea mexicana,1160,Plant (strict freshwater habitat tag only)
2882414,Nymphaea micrantha,381,Plant (strict freshwater habitat tag only)
7326947,Nymphaea nouchali,5513,Plant (strict freshwater habitat tag only)
2882412,Nymphaea odorata,31021,Plant (strict freshwater habitat tag only)
7365664,Nymphaea rubra,1420,Plant (strict freshwater habitat tag only)
3697259,Nymphaea x marliacea Wildsmith,7,Plant (strict freshwater habitat tag only)
5341508,Nymphoides aquatica,665,Plant (strict freshwater habitat tag only)
5592338,Nymphoides geminata,559,Plant (strict freshwater habitat tag only)
5592249,Nymphoides hydrophylla,691,Plant (strict freshwater habitat tag only)
5341503,Nymphoides indica,5693,Plant (strict freshwater habitat tag only)
8810827,Nymphoides peltata,46538,Plant (strict freshwater habitat tag only)
4315742,Obesogammarus crassus,463,Crayfish/crab (Malacostraca)
4417156,Obesogammarus obesus,79,Crayfish/crab (Malacostraca)
7983644,Odhneripisidium moitessierianum,3047,Bivalve
2412370,Odontesthes bonariensis,334,Fish
7654632,Oliotius oligolepis,10,Fish
5204029,Oncorhynchus aguabonita,1119,Fish
9289933,"Oncorhynchus aguabonita whitei (Evermann, 1906)",34,Fish
5204012,Oncorhynchus apache,739,Fish
5722956,"Oncorhynchus clarki bouvieri (Jordan & Gilbert, 1883)",23,Fish
5853893,"Oncorhynchus clarki pleuriticus (Cope, 1872)",17,Fish
5711980,Oncorhynchus clarkii,20326,Fish
8868046,Oncorhynchus clarkii behnkei,617,Fish
5711984,"Oncorhynchus clarkii henshawi (Gill & Jordan, 1878)",295,Fish
5711983,"Oncorhynchus clarkii lewisi (Girard, 1856)",5553,Fish
5711987,Oncorhynchus clarkii seleniris,36,Fish
5711988,Oncorhynchus clarkii stomias,12,Fish
5711989,Oncorhynchus clarkii utah,737,Fish
5711985,"Oncorhynchus clarkii virginalis (Girard, 1856)",50,Fish
5204032,Oncorhynchus gilae,637,Fish
5204037,Oncorhynchus gorbuscha,53726,Fish
5204014,Oncorhynchus keta,94812,Fish
5204034,Oncorhynchus kisutch,172641,Fish
5711979,Oncorhynchus masou,910,Fish
5204019,Oncorhynchus mykiss,257446,Fish
5711995,Oncorhynchus mykiss irideus,1838,Fish
5204039,Oncorhynchus nerka,183596,Fish
5204010,Oncorhynchus rhodurus,14,Fish
5204024,Oncorhynchus tshawytscha,256961,Fish
2352006,Ophisternon aenigmaticum,407,Fish
2352009,Ophisternon bengalense,75,Fish
2365489,Opsariichthys uncirostris,2961,Fish
2372323,Oreochromis andersonii,493,Fish
2372367,Oreochromis aureus,4707,Fish
2372316,Oreochromis esculentus,511,Fish
2372285,Oreochromis karongae,11,Fish
2372381,Oreochromis leucostictus,1456,Fish
2372347,Oreochromis macrochir,886,Fish
2372280,Oreochromis mortimeri,93,Fish
2372396,Oreochromis mossambicus,12221,Fish
4285694,Oreochromis niloticus,94246,Fish
4285686,Oreochromis spilurus,176,Fish
4285689,Oreochromis urolepis,342,Fish
6169228,"Oreochromis urolepis hornorum (Trewavas, 1966)",30,Fish
7193197,Oreochromis urolepis urolepis,2,Fish
9686469,Orientogalba ollula,622,Gastropod
9548515,Orientogalba viridis,84,Gastropod
5330733,Orontium aquaticum,4200,Plant (strict freshwater habitat tag only)
5205970,Orthodon microlepidotus,225,Fish
2368377,Oryzias latipes,3641,Fish
2368375,Oryzias sinensis,5733,Fish
2410854,Osmerus eperlanus,167308,Fish
4283983,Osmerus mordax,55803,Fish
2394154,Osphronemus goramy,235,Fish
2364327,Osteochilus vittatus,619,Fish
5212838,Osteoglossum bicirrhosum,356,Fish
2372521,Otopharynx lithobates,7,Fish
5329515,Ottelia alismoides,1187,Plant (strict freshwater habitat tag only)
5329501,Ottelia ovalifolia,2081,Plant (strict freshwater habitat tag only)
5329480,Ottelia ulvifolia,595,Plant (strict freshwater habitat tag only)
2343905,Oxydoras niger,329,Fish
2386241,Oxyeleotris marmorata,491,Fish
2360041,Pachychilon pictum,6262,Fish
2347797,Pachypanchax playfairii,61,Fish
2226990,Pacifastacus leniusculus,112767,Crayfish/crab (Malacostraca)
2225324,Palaemon styliferus,20,Crayfish/crab (Malacostraca)
2339870,Panaque nigrolineatus,216,Fish
2340710,Pangasianodon gigas,23,Fish
2340714,Pangasianodon hypophthalmus,484,Fish
5202437,Pangasius,802,Fish
5202457,Pangasius bocourti,95,Fish
5202443,Pangasius pangasius,196,Fish
2367984,Pangio kuhlii,23,Fish
2402307,Pantodon buchholzi,375,Fish
2362839,Parabramis pekinensis,155,Fish
2343266,Paracanthopoma parva,76,Fish
2353911,Paracheirodon axelrodi,283,Fish
2353909,Paracheirodon innesi,65,Fish
5208207,Parachromis dovii,433,Fish
5208202,Parachromis managuensis,1484,Fish
5208200,Parachromis motaguensis,181,Fish
2387235,Parambassis ranga,318,Fish
2387246,Parambassis siamensis,2449,Fish
2368319,Paramisgurnus dabryanus,509,Fish
2220136,Paramysis ullskyi,24,Crayfish/crab (Malacostraca)
4416888,Paraniphargoides motasi,9,Crayfish/crab (Malacostraca)
7948402,Paraplexa cornea,0,Gastropod
2343320,Paravandellia oxyptera,225,Fish
2343316,Paravandellia phaneronema,36,Fish
2340258,Parotocinclus maculicauda,658,Fish
2367038,Pelecus cultratus,1533,Fish
9552432,Pelmatolapia mariae,2395,Fish
2372929,Pelvicachromis pulcher,88,Fish
2223429,Penaeus japonicus,778,Crayfish/crab (Malacostraca)
2397704,Peprilus simillimus,1712,Fish
2382004,Perca flavescens,86370,Fish
8140485,Perca fluviatilis,1041866,Fish
2390064,Perccottus glenii,2594,Fish
2382103,Percina caprodes,15073,Fish
2382043,Percina macrolepida,1737,Fish
2382061,Percina maculata,7809,Fish
2382032,Percina nigrofasciata,11729,Fish
2382090,Percina notogramma,192,Fish
2382039,Percina peltata,885,Fish
2382097,Percina roanoka,1261,Fish
2382101,Percina shumardi,1503,Fish
2382046,Percina tanasi,119,Fish
2401709,Percopsis omiscomaycus,19722,Fish
10075852,Peregriana labiata,10827,Gastropod
2338694,Perrunichthys perruno,8,Fish
5208130,Petenia splendida,1445,Fish
7572096,Pethia conchonius,323,Fish
7554524,Pethia gelius,85,Fish
7417764,Pethia nigrofasciata,68,Fish
2362496,Petroleuciscus borysthenicus,646,Fish
8236498,Petromyzon marinus,14475,Fish
2350105,Phalloceros caudimaculatus,1951,Fish
2363799,Phenacobius mirabilis,8561,Fish
2356255,Phenacogrammus interruptus,356,Fish
5205698,Phoxinus jouyi,740,Fish
4409653,Phoxinus phoxinus,1062339,Fish
2338793,Phractocephalus hemioliopterus,247,Fish
7568032,Physa fontinalis,25840,Gastropod
5189806,Physella acuta,40734,Gastropod
5189789,Physella gyrina,6148,Gastropod
9685279,Physella pomilia,471,Gastropod
10157181,Physella venustula,23,Gastropod
2353225,Piaractus brachypomus,965,Fish
2353219,Piaractus mesopotamicus,2883,Fish
7585698,Pilsbryoconcha exilis,95,Bivalve
2338912,Pimelodus pictus,176,Fish
2367736,Pimephales notatus,37334,Fish
2367742,Pimephales promelas,42079,Fish
2367757,Pimephales tenellus,702,Fish
2367733,Pimephales vigilax,22656,Fish
2286691,Pisidium amnicum,7301,Bivalve
2870583,Pistia stratiotes,23341,Plant (strict freshwater habitat tag only)
2399821,Plagioscion squamosissimus,1735,Fish
2366711,Plagopterus argentissimus,89,Fish
9377860,Planiliza haematocheila,1602,Fish
9558403,Planiliza subviridis,1017,Fish
2290946,Planorbarius corneus,35062,Gastropod
5189729,Planorbella,11971,Gastropod
5189745,Planorbella duryi,1016,Gastropod
5189748,Planorbella trivolvis,5635,Gastropod
5778419,Planorbis carinatus,16989,Gastropod
2409330,Platichthys flesus,134709,Fish
2343881,Platydoras costatus,416,Fish
2362460,Platygobio gracilis,4663,Fish
4283980,Plecoglossus altivelis,2475,Fish
2343296,Plectrochilus diabolicus,7,Fish
2343294,Plectrochilus machadoi,15,Fish
2343298,Plectrochilus wieneri,6,Fish
2639345,Pleodorina indica,0,Plant (strict freshwater habitat tag only)
5203783,Poecilia formosa,1453,Fish
5203804,Poecilia kykesis,192,Fish
5203752,Poecilia latipinna,12575,Fish
5203780,Poecilia latipunctata,161,Fish
8400492,Poecilia mexicana,6338,Fish
2350050,Poecilia reticulata,10682,Fish
5203748,Poecilia sphenops,4026,Fish
5203757,Poecilia velifera,563,Fish
8341124,Poecilia vivipara,1581,Fish
2350503,Poeciliopsis gracilis,4890,Fish
2350470,Poeciliopsis occidentalis,584,Fish
9481837,Poeciliopsis occidentalis occidentalis,132,Fish
2359766,Pogonichthys macrolepidotus,220,Fish
2402612,Pollimyrus castelnaui,409,Fish
5212833,Polyodon spathula,717,Fish
2346575,Polypterus delhezi,95,Fish
4287129,Polypterus senegalus,502,Fish
2292581,Pomacea bridgesii,57,Gastropod
2292582,Pomacea canaliculata,3805,Gastropod
8110535,Pomacea diffusa,167,Gastropod
7638948,Pomacea glauca,255,Gastropod
2292579,Pomacea haustrum,23,Gastropod
7532642,Pomacea maculata,7161,Gastropod
2292584,Pomacea paludosa,1976,Gastropod
7906588,Pomacea zeteki,21,Gastropod
2394534,Pomoxis annularis,27180,Fish
2394526,Pomoxis nigromaculatus,74079,Fish
8946295,Pontastacus leptodactylus,2778,Crayfish/crab (Malacostraca)
7494501,Pontederia azurea,1842,Plant (strict freshwater habitat tag only)
2765942,Pontederia crassipes,44484,Plant (strict freshwater habitat tag only)
11040407,Pontederia diversifolia,516,Plant (strict freshwater habitat tag only)
2765991,Pontederia hastata,381,Plant (strict freshwater habitat tag only)
11070196,Pontederia korsakowii,598,Plant (strict freshwater habitat tag only)
2765966,Pontederia paniculata,474,Plant (strict freshwater habitat tag only)
8238520,Pontederia vaginalis,3730,Plant (strict freshwater habitat tag only)
5788058,Ponticola gorlap,144,Fish
4285968,Ponticola kessleri,6770,Fish
5788060,Ponticola syrman,156,Fish
4315139,Pontogammarus,1298,Crayfish/crab (Malacostraca)
5864238,Pontogammarus abbreviatus,13,Crayfish/crab (Malacostraca)
4417072,Pontogammarus aestuarius,5,Crayfish/crab (Malacostraca)
4417071,Pontogammarus borceae,26,Crayfish/crab (Malacostraca)
7392352,Pontogammarus maeoticus,266,Crayfish/crab (Malacostraca)
4315140,Pontogammarus robustoides,923,Crayfish/crab (Malacostraca)
11101635,Pontogammarus sarsi,20,Crayfish/crab (Malacostraca)
10937174,Pontogammarus weidemanni,6,Crayfish/crab (Malacostraca)
2288926,Potamocorbula amurensis,732,Bivalve
5642345,Potamogeton acutifolius Roem. & Schult.,311,Plant (strict freshwater habitat tag only)
6389089,Potamogeton berchtoldii,59260,Plant (strict freshwater habitat tag only)
5301162,Potamogeton crispus,113015,Plant (strict freshwater habitat tag only)
5301163,Potamogeton diversifolius,2045,Plant (strict freshwater habitat tag only)
7629840,Potamogeton fluitans,748,Plant (strict freshwater habitat tag only)
5301141,Potamogeton lucens,47088,Plant (strict freshwater habitat tag only)
5301233,Potamogeton nodosus,31211,Plant (strict freshwater habitat tag only)
5301200,Potamogeton perfoliatus,144541,Plant (strict freshwater habitat tag only)
5301226,Potamogeton polygonifolius,111676,Plant (strict freshwater habitat tag only)
5301213,Potamogeton praelongus,13133,Plant (strict freshwater habitat tag only)
8351789,Potamogeton pusillus,68313,Plant (strict freshwater habitat tag only)
5642195,Potamogeton schweinfurthii,561,Plant (strict freshwater habitat tag only)
5642073,Potamogeton trichoides,23034,Plant (strict freshwater habitat tag only)
4417542,Potamon ibericum,364,Crayfish/crab (Malacostraca)
5192470,Potamopyrgus antipodarum,185548,Gastropod
2419333,Potamotrygon motoro,1073,Fish
2353616,Pristella maxillaris,596,Fish
2354222,Pristobrycon striolatus,346,Fish
2205951,Proasellus coxalis,6803,Crayfish/crab (Malacostraca)
2206086,Proasellus meridianus,9521,Crayfish/crab (Malacostraca)
2227289,Procambarus acutus,6962,Crayfish/crab (Malacostraca)
7194602,Procambarus acutus subsp. acutus,702,Crayfish/crab (Malacostraca)
2227203,Procambarus alleni,271,Crayfish/crab (Malacostraca)
2227300,Procambarus clarkii,82933,Crayfish/crab (Malacostraca)
2227139,Procambarus cubensis,28,Crayfish/crab (Malacostraca)
2227309,Procambarus fallax,541,Crayfish/crab (Malacostraca)
8879526,"Procambarus fallax f. virginalis Martin, Dorn, Kawai, van der Heiden & Scholtz, 2010",23,Crayfish/crab (Malacostraca)
9442269,Procambarus virginalis,494,Crayfish/crab (Malacostraca)
2227231,Procambarus zonangulus,107,Crayfish/crab (Malacostraca)
2352177,Prochilodus argenteus,79,Fish
2352160,Prochilodus nigricans,977,Fish
2351534,Prosopium cylindraceum,2848,Fish
2351525,Prosopium gemmifer,55,Fish
2351530,Prosopium williamsoni,3815,Fish
2381358,Protemblemaria punctata,9,Fish
2379235,Proterorhinus marmoratus,1610,Fish
2379245,Proterorhinus semilunaris,17771,Fish
4287144,Protopterus aethiopicus,1074,Fish
2360367,Pseudochondrostoma polylepis,1658,Fish
2214306,Pseudocuma cercarioides,12,Crayfish/crab (Malacostraca)
2214308,Pseudocuma graciloides,20,Crayfish/crab (Malacostraca)
2214301,Pseudocuma laeve,1,Crayfish/crab (Malacostraca)
2214302,Pseudocuma tenuicauda,1,Crayfish/crab (Malacostraca)
2366349,Pseudogobio esocinus,11453,Fish
2338673,Pseudoplatystoma fasciatum,409,Fish
7879329,Pseudoplatystoma punctifer,172,Fish
2362868,Pseudorasbora parva,100606,Fish
2362866,Pseudorasbora pumila,11,Fish
2291334,Pseudosuccinea columella,2419,Gastropod
2373065,Pseudotropheus ater,3,Fish
7782809,Pseudotropheus cyaneorhabdos,9,Fish
2373191,Pseudotropheus johannii,28,Fish
2373077,Pseudotropheus socolofi,10,Fish
2343967,Pterodoras granulosus,636,Fish
5208518,Pterophyllum scalare,388,Fish
2339954,Pterygoplichthys,8994,Fish
2339979,Pterygoplichthys anisitsi,124,Fish
2340003,Pterygoplichthys disjunctivus,419,Fish
2339957,Pterygoplichthys gibbiceps,186,Fish
2339955,Pterygoplichthys joselimaianus,35,Fish
2339962,Pterygoplichthys multiradiatus,504,Fish
2339971,Pterygoplichthys pardalis,1449,Fish
5205694,Ptychocheilus grandis,989,Fish
5205691,Ptychocheilus umpquae,209,Fish
5204696,Pungitius platygaster,491,Fish
5739510,Pungitius pungitius,128539,Fish
2367018,Pungtungia herzi,14198,Fish
8015152,Puntigrus partipentazona,214,Fish
8214163,Puntigrus tetrazona,82,Fish
2363862,Puntius sealei,73,Fish
2364223,Puntius titteya,84,Fish
2364244,Puntius vittatus,84,Fish
2287951,Pyganodon grandis,18679,Bivalve
2352463,Pygocentrus cariba,711,Fish
2352479,Pygocentrus nattereri,1527,Fish
2354698,Pygopristis denticulata,287,Fish
2341077,Pylodictis olivaris,14446,Fish
4361884,Pyrgophorus coronatus,223,Gastropod
2355670,Pyrrhulina laeta,129,Fish
10433559,Racesina luteola,87,Gastropod
5189888,Radix auricularia,17204,Gastropod
7384449,Radix rubiginosa,132,Gastropod
3033464,Ranunculus aquatilis,55499,Plant (strict freshwater habitat tag only)
2359536,Rasbora borapetensis,456,Fish
2359627,Rasbora trilineata,195,Fish
2361166,Rastrineobola argentea,73,Fish
2365826,Relictus solitarius,60,Fish
2343735,Rhamdia quelen,6575,Fish
2359823,Rhinichthys atratulus,18797,Fish
2359811,Rhinichthys cataractae,18235,Fish
2359791,Rhinichthys osculus,20067,Fish
4287014,"Rhinichthys osculus klamathensis (Evermann & Meek, 1898)",42,Fish
4287011,Rhinichthys osculus robustus,124,Fish
2377583,Rhinogobius brunneus,13515,Fish
2377624,Rhinogobius giurinus,2045,Fish
11174973,Rhinogobius kurodai,218,Fish
2377618,Rhinogobius lindbergi,6,Fish
2377652,Rhinogobius similis,2144,Fish
2227663,Rhithropanopeus harrisii,6610,Crayfish/crab (Malacostraca)
2360842,Rhodeus amarus,164376,Fish
4286934,Rhodeus ocellatus,5325,Fish
2360803,Rhodeus sericeus,3302,Fish
2360841,Rhodeus sinensis,215,Fish
8244689,Riccia fluitans,17320,Plant (strict freshwater habitat tag only)
2688638,Ricciocarpos natans,9997,Plant (strict freshwater habitat tag only)
2362399,Richardsonius balteatus,3817,Fish
6166844,"Richardsonius balteatus hydrophlox (Cope, 1872)",180,Fish
2362394,Richardsonius egregius,618,Fish
2369703,Rocio octofasciata,1133,Fish
2360795,Romanogobio belingi,885,Fish
2359678,Rutilus frisii,142,Fish
2359706,Rutilus rutilus,1434910,Fish
5329149,Sagittaria brevirostra,848,Plant (strict freshwater habitat tag only)
5329038,Sagittaria graminea,3687,Plant (strict freshwater habitat tag only)
5329039,Sagittaria graminea weatherbiana,97,Plant (strict freshwater habitat tag only)
5329055,Sagittaria guayanensis,1183,Plant (strict freshwater habitat tag only)
5328895,Sagittaria lancifolia,9484,Plant (strict freshwater habitat tag only)
5328909,Sagittaria latifolia,23492,Plant (strict freshwater habitat tag only)
5329111,Sagittaria montevidensis,2936,Plant (strict freshwater habitat tag only)
5329007,Sagittaria platyphylla,6643,Plant (strict freshwater habitat tag only)
5329027,Sagittaria rigida,1932,Plant (strict freshwater habitat tag only)
5328882,Sagittaria sagittifolia,108486,Plant (strict freshwater habitat tag only)
5329014,Sagittaria subulata,272,Plant (strict freshwater habitat tag only)
5328972,Sagittaria trifolia,3417,Plant (strict freshwater habitat tag only)
7193469,Salmo abanticus,8,Fish
9543162,Salmo dentex,35,Fish
2351641,Salmo ischchan,16,Fish
2351566,Salmo labrax,118,Fish
2351552,Salmo letnica,321,Fish
2351621,Salmo macrostigma,208,Fish
7595433,Salmo salar,1359419,Fish
6169634,"Salmo salar sebago Girard, 1853",8825,Fish
8215487,Salmo trutta,3794739,Fish
9107781,Salmo trutta trutta,1797,Fish
4284021,Salvelinus alpinus,460982,Fish
9451360,"Salvelinus alpinus oquassa (Girard, 1854)",91,Fish
2351244,Salvelinus confluentus,1253,Fish
2351271,Salvelinus fontinalis,79816,Fish
4352820,Salvelinus lepechini,0,Fish
4284019,Salvelinus leucomaenis,378,Fish
4284020,Salvelinus malma,2881,Fish
2351327,Salvelinus namaycush,27416,Fish
2351259,Salvelinus umbla,1073,Fish
5274861,Salvinia auriculata,1832,Plant (strict freshwater habitat tag only)
5274864,Salvinia biloba,223,Plant (strict freshwater habitat tag only)
5579449,Salvinia cucullata,141,Plant (strict freshwater habitat tag only)
5579453,Salvinia hastata,74,Plant (strict freshwater habitat tag only)
5274860,Salvinia minima,10828,Plant (strict freshwater habitat tag only)
5274863,Salvinia molesta,7885,Plant (strict freshwater habitat tag only)
5274858,Salvinia natans,9874,Plant (strict freshwater habitat tag only)
5579458,Salvinia nymphellula,264,Plant (strict freshwater habitat tag only)
2382152,Sander canadensis,2751,Fish
2382155,Sander lucioperca,180573,Fish
2382172,Sander vitreus,63260,Fish
9733865,Sander volgensis,255,Fish
6166646,Sarcocheilichthys variegatus microoculus,39,Fish
8171391,Sarmarutilus rubilio,1121,Fish
4285715,Sarotherodon galilaeus,909,Fish
4285710,Sarotherodon melanotheron,2602,Fish
2372886,Sarotherodon occidentalis,36,Fish
5208447,Satanoperca jurupari,1619,Fish
2362635,Scardinius erythrophthalmus,256787,Fish
2394736,Scatophagus argus,2287,Fish
2341731,Schilbe intermedius,2448,Fish
2341732,Schilbe mystus,1130,Fish
5712378,Sciades parkeri,261,Fish
2372908,Sciaenochromis fryeri,19,Fish
2402231,Scleropages formosus,81,Fish
2374545,Scortum barcoo,592,Fish
9646382,Semisulcospira decipiens,62,Gastropod
2360481,Semotilus atromaculatus,45637,Fish
2360492,Semotilus corporalis,6424,Fish
7924142,Serranochromis jallae,91,Fish
4285703,Serranochromis robustus,395,Fish
2354159,Serrasalmus gibbus,75,Fish
2354121,Serrasalmus marginatus,426,Fish
2354124,Serrasalmus rhombeus,2574,Fish
2354163,Serrasalmus sanchezi,44,Fish
2354165,Serrasalmus serrulatus,82,Fish
2354120,Serrasalmus spilopleura,521,Fish
2337594,Silurus asotus,2490,Fish
2337607,Silurus glanis,40472,Fish
9937173,Sinanodonta lauta,359,Bivalve
4559541,Sinanodonta woodiana,2847,Bivalve
2380448,Siniperca chuatsi,104,Fish
9666001,Sinohyriopsis cumingii,48,Bivalve
10132747,Sinohyriopsis schlegelii,33,Bivalve
6125992,Sinotaia quadrata,1362,Gastropod
8197854,Siphateles bicolor,1281,Fish
9450405,Siphateles bicolor mohavensis,120,Fish
9421396,"Siphateles bicolor obesus (Girard, 1856)",73,Fish
9508387,"Siphateles bicolor snyderi (Miller, 1973)",1,Fish
2338869,Sorubimichthys planiceps,103,Fish
2286709,Sphaerium corneum,28933,Bivalve
5855596,Sphaerium rivicola,1481,Bivalve
4097481,Spirodela polyrhiza,138178,Plant (strict freshwater habitat tag only)
2871376,Spirodela punctata,4475,Plant (strict freshwater habitat tag only)
4287003,Squalidus chankaensis,165,Fish
4287002,Squalidus gracilis,11183,Fish
2365685,Squalius cephalus,938134,Fish
7678181,Stagnicola turricula,64,Gastropod
2351343,Stenodus leucichthys,493,Fish
4407162,Stenogammarus,223,Crayfish/crab (Malacostraca)
4417062,Stenogammarus carausui,91,Crayfish/crab (Malacostraca)
4417065,Stenogammarus compressus,16,Crayfish/crab (Malacostraca)
4417063,Stenogammarus macrurus,19,Crayfish/crab (Malacostraca)
4417067,Stenogammarus similis,82,Crayfish/crab (Malacostraca)
8361961,Stenophysa marmorata,238,Gastropod
2291144,Stenophysa maugeriae,45,Gastropod
2413517,Stolothrissa tanganicae,147,Fish
5329192,Stratiotes aloides,50627,Plant (strict freshwater habitat tag only)
5208028,Strongylura marina,5379,Fish
8375218,Stuckenia filiformis,19094,Plant (strict freshwater habitat tag only)
7871428,Stuckenia pectinata,199202,Plant (strict freshwater habitat tag only)
5208133,Symphysodon aequifasciatus,58,Fish
5208131,Symphysodon discus,27,Fish
2351979,Synbranchus marmoratus,4018,Fish
8056718,Syngnathus abaster,1881,Fish
2344483,Synodontis eupterus,50,Fish
2344349,Synodontis ocellifer,88,Fish
4416920,Synurella ambulans,139,Crayfish/crab (Malacostraca)
2364120,Systomus orphoides,91,Fish
6168086,Tachysurus nudiceps,627,Fish
7371959,Taiwanassiminea bedaliensis,1,Gastropod
2407554,Takifugu ocellatus,78,Fish
2407604,Takifugu rubripes,68,Fish
2366948,Tanakia lanceolata,3497,Fish
2366954,Tanakia limbata,150,Fish
5207572,Tanichthys albonubes,48,Fish
2300928,Tarebia granifera,1523,Gastropod
2372981,Telmatochromis bifrenatus,42,Fish
2374521,Terapon jarbua,6841,Fish
2374540,Terapon puta,1397,Fish
2374535,Terapon theraps,6319,Fish
5213549,Tetraodon duboisi,7,Fish
5213591,Tetraodon lineatus,184,Fish
5213579,Tetraodon mbu,185,Fish
5213550,Tetraodon miurus,165,Fish
5303040,Thalia dealbata,1326,Plant (strict freshwater habitat tag only)
5303044,Thalia geniculata,6168,Plant (strict freshwater habitat tag only)
5204168,Thayeria boehlkei,213,Fish
4561966,Theodoxus danubialis,302,Gastropod
2291444,Theodoxus fluviatilis,43932,Gastropod
10705526,Theodoxus major,281,Gastropod
4562023,Theodoxus transversalis,70,Gastropod
2359064,Thoburnia rhothoeca,519,Fish
2370889,Thorichthys callolepis,76,Fish
2370898,Thorichthys meeki,1190,Fish
5711974,Thymallus arcticus,3245,Fish
5816794,Thymallus baicalensis,18,Fish
5203999,Thymallus thymallus,74173,Fish
2370591,Tilapia sparrmanii,4970,Fish
2362524,Tinca tinca,199440,Fish
2364530,Tor putitora,243,Fish
2364511,Tor tambra,66,Fish
2382436,Toxotes jaculatrix,1132,Fish
2344685,Trachelyopterus galeatus,1736,Fish
7534069,Trapa bicornis,45,Plant (strict freshwater habitat tag only)
3188757,Trapa natans,29467,Plant (strict freshwater habitat tag only)
5205578,Tribolodon brandtii,150,Fish
5211187,Trichogaster labiosa,68,Fish
5211200,Trichogaster lalius,77,Fish
7623402,Trichopodus leerii,54,Fish
5211179,Trichopodus microlepis,72,Fish
5211177,Trichopodus pectoralis,5556,Fish
5211169,Trichopodus trichopterus,1333,Fish
5211203,Trichopsis schalleri,141,Fish
5211201,Trichopsis vittata,859,Fish
9321404,Trichromis salvini,1585,Fish
2376461,Tridentiger bifasciatus,1792,Fish
2376456,Tridentiger brevispinis,3546,Fish
2376462,Tridentiger trigonocephalus,1203,Fish
2865355,Triglochin bulbosa,694,Plant (strict freshwater habitat tag only)
8010297,Triglochin scilloides,1469,Plant (strict freshwater habitat tag only)
2865321,Triglochin striata,7029,Plant (strict freshwater habitat tag only)
2367610,Trigonostigma heteromorpha,112,Fish
5788192,Tropheops tropheops,84,Fish
6462129,Turcogammarus aralensis,5,Crayfish/crab (Malacostraca)
2401721,Typhlichthys subterraneus,296,Fish
5203115,Umbra krameri,150,Fish
5203110,Umbra limi,6914,Fish
5203111,Umbra pygmaea,8753,Fish
4374771,Unio mancus,3893,Bivalve
4416910,Uroniphargoides spinicaudatus,2,Crayfish/crab (Malacostraca)
8001590,Utricularia aurea,1548,Plant (strict freshwater habitat tag only)
3172442,Utricularia inflata,2209,Plant (strict freshwater habitat tag only)
2865501,Vallisneria americana,4073,Plant (strict freshwater habitat tag only)
2865496,Vallisneria nana,683,Plant (strict freshwater habitat tag only)
2865526,Vallisneria spiralis,7870,Plant (strict freshwater habitat tag only)
2298076,Valvata piscinalis,31203,Gastropod
5202901,Vandellia beccarii,120,Fish
5202897,Vandellia cirrhosa,253,Fish
5202902,Vandellia sanguinea,124,Fish
5553148,Victoria amazonica,707,Plant (strict freshwater habitat tag only)
7166688,Victoria cruziana,201,Plant (strict freshwater habitat tag only)
2372015,Vieja melanura,1732,Fish
2360504,Vimba vimba,11075,Fish
5190145,Viviparus,17602,Gastropod
5778081,Viviparus acerosus,279,Gastropod
5778077,Viviparus ater,1124,Gastropod
7344362,Viviparus ater ater,10,Gastropod
5725685,Viviparus viviparus,7262,Gastropod
5330092,Wolffia arrhiza,14840,Plant (strict freshwater habitat tag only)
5330078,Wolffia australiana,554,Plant (strict freshwater habitat tag only)
5330085,Wolffia columbiana,1895,Plant (strict freshwater habitat tag only)
5330098,Wolffia globosa,222,Plant (strict freshwater habitat tag only)
2369064,Xenentodon cancila,596,Fish
2369816,Xenotilapia longispinis,52,Fish
8246728,Xiphophorus hellerii,5076,Fish
2350164,Xiphophorus maculatus,1678,Fish
2350220,Xiphophorus variatus,942,Fish
2350182,Xiphophorus xiphidium,50,Fish
2367782,Yasuhikotakia morleti,34,Fish
4417163,Yogmelina limana,4,Crayfish/crab (Malacostraca)
2365787,Zacco platypus,52085,Fish
