group,species,common_name,gbif_occurrences
Fish,Cyprinus carpio,Common carp,326799
Fish,Micropterus salmoides,Largemouth bass,179621
Crayfish,Pacifastacus leniusculus,Signal crayfish,114713
Fish,Oreochromis niloticus,Nile tilapia,101395
Fish,Gambusia affinis,Mosquitofish,93064
Crayfish,Procambarus clarkii,Red swamp crayfish,87607
Fish,Neogobius melanostomus,Round goby,85983
Fish,Ameiurus nebulosus,Brown bullhead catfish,51581
Bivalve,Dreissena polymorpha,Zebra mussel,43797
Plant,Eichhornia crassipes,Water hyacinth,21326
Fish,Hypophthalmichthys molitrix,Silver carp,14333
Fish,Clarias gariepinus,African sharptooth catfish,11459
Fish,Channa argus,Northern snakehead,7956
